frame.time_epoch,frame.len,tcp.analysis.acks_frame,tcp.analysis.lost_segment,tcp.analysis.retransmission,tcp.analysis.fast_retransmission,tcp.analysis.spurious_retransmission,tcp.analysis.out_of_order
"21.102183000","74",,,,,,
"21.102242000","74",,,,,,
"21.102301000","74",,,,,,
"21.482438000","78",,,,,,
"21.482594000","78",,,,,,
"21.482750000","78",,,,,,
"21.864139000","1502",,,,,,
"21.865341000","1502",,,,,,
"21.866543000","1502",,,,,,
"21.867744000","1502",,,,,,
"21.868946000","1502",,,,,,
"21.870147000","1502",,,,,,
"21.871349000","1502",,,,,,
"21.872551000","1502",,,,,,
"21.874954000","1502",,"1",,,,
"21.876155000","1502",,,,,,
"21.879760000","1502",,"1",,,,
"21.880962000","1502",,,,,,
"21.882163000","1502",,,,,,
"21.884567000","1502",,"1",,,,
"21.885768000","1502",,,,,,
"21.888171000","1502",,,,,,
"21.889373000","1502",,,,,,
"21.890575000","1502",,,,,,
"21.891776000","1502",,,,,,
"21.892978000","1502",,,,,,
"21.894179000","1502",,,,,,
"21.895381000","1502",,,,,,
"21.897784000","1502",,"1",,,,
"21.898986000","1502",,,,,,
"22.247042000","1502",,"1",,,,
"22.248244000","1502",,,,,,
"22.249445000","1502",,,,,,
"22.250647000","1502",,,,,,
"22.251848000","1502",,,,,,
"22.253050000","1502",,,,,,
"22.254252000","1502",,,,,,
"22.255453000","1502",,,,,,
"22.256655000","1502",,,,,,
"22.257856000","1502",,,,,,
"22.259058000","1502",,,,,,
"22.260260000","1502",,,,,,
"22.261461000","1502",,,,,,
"22.262663000","1502",,,,,,
"22.263864000","1502",,,,,,
"22.265066000","1502",,,,,,
"22.266268000","1502",,"1",,,,
"22.267469000","1502",,,,,,
"22.268671000","1502",,,,,,
"22.269872000","1502",,,,,,"1"
"22.271074000","1502",,,,,,"1"
"22.272276000","1502",,,,,,
"22.273477000","1502",,,,,,
"22.274679000","1502",,,,,,
"22.275880000","1502",,,,,,
"22.277082000","1502",,,,,,
"22.278284000","1502",,,,,,
"22.279485000","1502",,,,,,
"22.280687000","1502",,,,,,
"22.281888000","1502",,,,,,
"22.283090000","1502",,,,,,
"22.284292000","1502",,,,,,
"22.285493000","1502",,,,,,
"22.286695000","1502",,,,,,
"22.287896000","1502",,,,,,
"22.289098000","1502",,,,,,
"22.431828000","1502",,,,,,
"22.631191000","1502",,,,,,"1"
"22.634796000","1502",,,,,,
"22.637199000","1502",,,,,,
"22.639602000","1502",,,,,,
"22.641294000","1502",,,,,,
"22.645610000","1502",,,,,,
"22.646812000","1502",,,,,,
"22.648013000","1502",,,,,,
"22.649215000","1502",,,"1",,,
"22.650416000","1502",,,"1",,,
"22.651618000","1502",,,,,,
"22.652820000","1502",,,,,,
"22.654021000","1502",,,,,,
"22.655223000","1502",,,,,,"1"
"22.656528000","1502",,,,,,
"22.659466000","1502",,,,,,
"22.662415000","1502",,,,,,
"22.664818000","1502",,,,,,
"22.667221000","1502",,,,,,
"22.815719000","1502",,"1",,,,
"23.016524000","1502",,,,,,
"23.017725000","1502",,,,,,"1"
"23.018927000","1502",,,,,,
"23.021330000","1502",,,,,,
"23.023022000","1502",,,,,,
"23.027338000","1502",,,,,,
"23.028540000","1502",,,,,,
"23.030943000","1502",,"1",,,,
"23.032144000","1502",,,,,,
"23.033346000","1502",,,,,,
"23.034548000","1502",,,,,,
"23.035749000","1502",,,,,,
"23.036951000","1502",,,,,,
"23.038152000","1502",,,,,,
"23.085745000","1502",,,,,,
"23.086947000","1502",,,,,,
"23.088148000","1502",,,,,,
"23.089350000","1502",,,,,,
"23.090552000","1502",,,,,,
"23.091753000","1502",,,,,,
"23.092955000","1502",,,,,,
"23.200098000","1502",,,,,,
"23.399426000","1502",,,,,,
"23.400628000","1502",,,,,,
"23.401829000","1502",,,,,,
"23.403031000","1502",,,,,,
"23.404232000","1502",,,,,,
"23.405434000","1502",,,,,,
"23.410240000","1502",,"1",,,,
"23.413845000","1502",,,,,,
"23.415047000","1502",,,,,,
"23.416248000","1502",,,,,,
"23.418652000","1502",,"1",,,,
"23.419853000","1502",,,,,,
"23.421055000","1502",,,,,,
"23.468675000","1502",,,,,,
"23.469876000","1502",,,,,,"1"
"23.472279000","1502",,,,,,
"23.474683000","1502",,,,,,
"23.783557000","1502",,,,,,"1"
"23.785563000","1502",,"1",,,,
"23.788713000","1502",,,,,,
"23.796748000","1502",,,,,,
"23.800729000","1502",,"1",,,,
"23.802783000","1502",,,,,,"1"
"23.851577000","1502",,,,,,
"23.852779000","1502",,,,,,
"23.853980000","1502",,,,,,
"23.855182000","1502",,,,,,
"23.856384000","1502",,,,,,
"24.165285000","1502",,,,,,"1"
"24.170080000","1502",,,,,,
"24.173084000","1502",,,,,,
"24.182475000","1502",,,"1",,,
"24.184511000","1502",,,,,,
"24.233312000","1502",,,,,,
"24.234514000","1502",,,,,,
"24.235716000","1502",,,,,,
"24.238119000","1502",,"1",,,,
"24.547013000","1502",,,,,,
"24.551808000","1502",,,,,,"1"
"24.554812000","1502",,,,,,
"24.556014000","1502",,,,,,
"24.557528000","1502",,,,,,
"24.565377000","1502",,"1",,,,
"24.566579000","1502",,,,,,
"24.567781000","1502",,,,,,
"24.615013000","1502",,,,,,
"24.616215000","1502",,,,,,
"24.617417000","1502",,,,,,
"24.623598000","1502",,,,,,
"24.929997000","1502",,,,,,
"24.933509000","1502",,,,,,
"24.936513000","1502",,,,,,
"24.937715000","1502",,,,,,
"24.938916000","1502",,,,,,
"24.940118000","1502",,,,,,
"24.948021000","1502",,,,,,
"24.949508000","1502",,,,,,
"24.997943000","1502",,,,,,
"24.999144000","1502",,,,,,"1"
"25.315210000","1502",,"1",,,,
"25.318214000","1502",,,,,,
"25.319416000","1502",,,,,,
"25.321819000","1502",,"1",,,,
"25.341404000","1502",,,,,,
"25.382047000","1502",,"1",,,,
"25.701144000","1502",,,,,,
"25.702345000","1502",,,,,,
"25.703547000","1502",,,,,,"1"
"25.723161000","1502",,,"1",,,
"25.729021000","1502",,,,,,
"25.764881000","1502",,,,,,
"26.084091000","1502",,,"1",,,
"26.085293000","1502",,,,,,
"26.086494000","1502",,,,,,
"26.104862000","1502",,,,,,
"26.110793000","1502",,,,,,
"26.111994000","1502",,,,,,
"26.117562000","1502",,,,,,"1"
"26.149458000","1502",,,,,,
"26.150659000","1502",,,,,,
"26.468195000","1502",,"1",,,,
"26.469397000","1502",,,,,,
"26.486562000","1502",,,,,,
"26.493695000","1502",,,,,,
"26.499263000","1502",,,,,,
"26.500464000","1502",,,,,,
"26.531159000","1502",,,,,,
"26.532360000","1502",,,,,,
"26.852326000","1502",,,"1",,,
"26.868263000","1502",,"1",,,,
"26.875396000","1502",,,,,,
"26.880964000","1502",,,,,,
"26.882165000","1502",,,,,,
"26.912860000","1502",,,,,,
"26.914061000","1502",,,,,,
"27.165562000","1502",,,"1",,,
"27.257124000","1502",,,,,,
"27.262664000","1502",,,,,,
"27.294561000","1502",,"1",,,,
"27.295762000","1502",,,,,,
"27.638852000","1502",,,"1",,,
"27.644365000","1502",,,,,,
"27.677490000","1502",,,,,,
"27.689562000","1502",,,,,,
"27.933562000","1502",,,"1",,,
"28.020553000","1502",,"1",,,,
"28.059218000","1502",,,,,,
"28.315263000","1502",,,,,,
"28.402281000","1502",,,"1",,,
"28.404526000","1502",,,,,,
"28.440946000","1502",,,"1",,,
"28.447027000","1502",,,,,,
"28.696964000","1502",,,,,,
"28.698165000","1502",,,,,,
"28.699367000","1502",,,,,,
"28.783982000","1502",,,,,,
"28.786227000","1502",,,,,,
"28.787429000","1502",,,,,,
"28.822647000","1502",,,,,,
"28.829930000","1502",,"1",,,,
"29.078664000","1502",,,,,,
"29.079866000","1502",,,,,,
"29.081068000","1502",,,,,,
"29.165683000","1502",,,,,,
"29.167928000","1502",,,,,,
"29.169130000","1502",,,,,,
"29.204348000","1502",,,,,,
"29.215466000","1502",,,,,,
"29.437562000","1502",,,,,,"1"
"29.460365000","1502",,,,,,
"29.462769000","1502",,,,,,
"29.463970000","1502",,,,,,
"29.547384000","1502",,,,,,
"29.549629000","1502",,,,,,
"29.588062000","1502",,,,,,
"29.631829000","1502",,,,,,
"29.845671000","1502",,"1",,,,
"29.929085000","1502",,"1",,,,
"29.969763000","1502",,,,,,
"30.013530000","1502",,,,,,
"30.014731000","1502",,,,,,
"30.153562000","1502",,,"1",,,
"30.229539000","1502",,,,,,
"30.310812000","1502",,,,,,
"30.312014000","1502",,,,,,
"30.351464000","1502",,,,,,
"30.396432000","1502",,"1",,,,
"30.461562000","1502",,,,,,"1"
"30.611266000","1502",,,"1",,,
"30.693742000","1502",,,,,,
"30.694944000","1502",,,,,,"1"
"30.733165000","1502",,,,,,
"30.779085000","1502",,,,,,
"30.989562000","1502",,,,,,"1"
"30.992967000","1502",,,,,,
"30.994169000","1502",,,,,,
"31.076644000","1502",,,,,,
"31.077846000","1502",,,,,,
"31.137463000","1502",,,,,,
"31.170507000","1502",,,,,,
"31.374668000","1502",,,,,,
"31.375870000","1502",,,,,,
"31.458345000","1502",,,,,,
"31.459547000","1502",,,,,,
"31.519169000","1502",,,,,,
"31.552208000","1502",,,,,,
"31.553410000","1502",,,,,,
"31.756369000","1502",,"1",,,,
"31.757571000","1502",,,,,,
"31.840046000","1502",,"1",,,,
"31.841248000","1502",,,,,,
"31.900870000","1502",,,,,,
"31.935111000","1502",,"1",,,,
"31.973562000","1502",,,"1",,,
"32.139299000","1502",,,,,,
"32.146526000","1502",,,,,,
"32.193562000","1502",,,"1",,,
"32.222976000","1502",,,,,,
"32.247667000","1502",,,,,,
"32.355307000","1502",,"1",,,,
"32.521027000","1502",,,,,,"1"
"32.522228000","1502",,,,,,"1"
"32.532903000","1502",,,,,,
"32.581562000","1502",,,,,,
"32.604704000","1502",,,,,,"1"
"32.737053000","1502",,,"1",,,
"32.902728000","1502",,,,,,
"32.914604000","1502",,,,,,
"32.915805000","1502",,,,,,
"32.969582000","1502",,,,,,
"32.986405000","1502",,,,,,
"33.118754000","1502",,,,,,
"33.119956000","1502",,,,,,
"33.296304000","1502",,"1",,,,
"33.297506000","1502",,,,,,
"33.352484000","1502",,"1",,,,
"33.368106000","1502",,,,,,
"33.500455000","1502",,,,,,
"33.501657000","1502",,,,,,
"33.502858000","1502",,,,,,
"33.679234000","1502",,,,,,
"33.734212000","1502",,,,,,
"33.751035000","1502",,"1",,,,
"33.873562000","1502",,,,,,"1"
"33.882156000","1502",,,,,,
"33.883358000","1502",,,,,,
"33.884559000","1502",,,,,,
"34.017562000","1502",,,,,,"1"
"34.071554000","1502",,,,,,
"34.255263000","1502",,,,,,
"34.263857000","1502",,,,,,
"34.265059000","1502",,,,,,
"34.453255000","1502",,,,,,
"34.454457000","1502",,,,,,
"34.636964000","1502",,,,,,
"34.645558000","1502",,"1",,,,
"34.646760000","1502",,,,,,
"34.834956000","1502",,,,,,
"34.836158000","1502",,,,,,
"35.018664000","1502",,,,,,
"35.028487000","1502",,,,,,
"35.041562000","1502",,,"1",,,
"35.042763000","1502",,,,,,
"35.216657000","1502",,,,,,
"35.217859000","1502",,,,,,
"35.400365000","1502",,,,,,
"35.410215000","1502",,,,,,"1"
"35.423263000","1502",,,,,,
"35.424464000","1502",,,,,,
"35.425666000","1502",,,,,,
"35.442935000","1502",,,,,,
"35.598358000","1502",,,,,,
"35.599560000","1502",,,,,,
"35.782066000","1502",,,,,,
"35.791916000","1502",,,,,,
"35.806165000","1502",,"1",,,,
"35.807367000","1502",,,,,,
"35.824636000","1502",,,,,,
"35.825837000","1502",,,,,,
"35.980059000","1502",,,,,,
"36.163767000","1502",,"1",,,,
"36.173617000","1502",,,,,,
"36.189095000","1502",,,,,,
"36.206337000","1502",,,,,,
"36.207538000","1502",,,,,,
"36.208740000","1502",,,,,,
"36.361760000","1502",,,,,,
"36.429562000","1502",,,,,,"1"
"36.550324000","1502",,,,,,
"36.555318000","1502",,,,,,
"36.561562000","1502",,,,,,"1"
"36.570977000","1502",,,,,,
"36.589239000","1502",,,,,,
"36.777728000","1502",,,,,,
"36.811263000","1502",,,,,,
"36.937019000","1502",,"1",,,,
"36.943263000","1502",,,,,,
"36.944464000","1502",,,,,,
"36.945666000","1502",,,,,,
"36.952678000","1502",,,,,,
"36.953880000","1502",,,,,,
"36.970940000","1502",,,,,,
"37.159429000","1502",,,,,,
"37.319105000","1502",,,,,,
"37.324964000","1502",,,,,,
"37.326165000","1502",,,,,,
"37.334379000","1502",,"1",,,,
"37.335580000","1502",,,,,,
"37.376975000","1502",,,,,,
"37.525562000","1502",,,"1",,,
"37.541130000","1502",,,,,,
"37.542332000","1502",,,,,,
"37.700833000","1502",,,,,,"1"
"37.706664000","1502",,,,,,
"37.707866000","1502",,,,,,
"37.741021000","1502",,"1",,,,
"37.797562000","1502",,,,,,"1"
"37.798763000","1502",,,,,,
"37.922831000","1502",,,,,,
"37.924033000","1502",,,,,,
"38.082534000","1502",,,,,,
"38.088365000","1502",,,,,,
"38.089567000","1502",,,,,,
"38.122767000","1502",,,"1",,,
"38.180464000","1502",,,,,,
"38.181666000","1502",,,,,,
"38.304532000","1502",,,,,,
"38.305734000","1502",,,,,,
"38.464235000","1502",,,,,,
"38.470066000","1502",,,,,,
"38.471268000","1502",,,,,,
"38.504468000","1502",,,,,,
"38.505669000","1502",,,,,,
"38.562165000","1502",,,,,,
"38.563367000","1502",,,,,,
"38.686233000","1502",,,,,,
"38.845936000","1502",,,,,,
"38.851767000","1502",,"1",,,,
"38.852969000","1502",,,,,,
"38.886168000","1502",,,,,,
"38.887370000","1502",,,,,,
"38.943866000","1502",,,,,,
"38.945068000","1502",,,,,,
"39.067934000","1502",,,,,,
"39.227637000","1502",,,,,,
"39.234697000","1502",,,,,,
"39.258977000","1502",,,,,,
"39.267869000","1502",,"1",,,,
"39.269071000","1502",,,,,,
"39.281562000","1502",,,,,,"1"
"39.325567000","1502",,,,,,
"39.326769000","1502",,,,,,
"39.475171000","1502",,,,,,
"39.477562000","1502",,,"1",,,
"39.609338000","1502",,,,,,
"39.650799000","1502",,,,,,
"39.663263000","1502",,,,,,
"39.664464000","1502",,,,,,
"39.707268000","1502",,,,,,
"39.708470000","1502",,,,,,
"39.856969000","1502",,,,,,
"39.858170000","1502",,,,,,
"40.032527000","1502",,,,,,"1"
"40.047367000","1502",,,,,,
"40.088969000","1502",,"1",,,,
"40.090171000","1502",,,,,,
"40.238670000","1502",,,,,,
"40.414228000","1502",,"1",,,,
"40.429068000","1502",,"1",,,,
"40.471898000","1502",,,,,,
"40.473653000","1502",,,,,,
"40.573562000","1502",,,,,,"1"
"40.620371000","1502",,,,,,
"40.637562000","1502",,,"1",,,
"40.807183000","1502",,,,,,
"40.823852000","1502",,,,,,
"40.825562000","1502",,,,,,"1"
"40.955263000","1502",,"1",,,,
"41.005708000","1502",,,,,,
"41.127984000","1502",,,,,,
"41.129185000","1502",,,,,,
"41.192990000","1502",,,,,,
"41.207263000","1502",,,,,,
"41.229562000","1502",,,,,,"1"
"41.387408000","1502",,,,,,
"41.388610000","1502",,,,,,
"41.437562000","1502",,,,,,"1"
"41.510913000","1502",,,,,,
"41.588964000","1502",,,,,,
"41.590165000","1502",,,,,,
"41.611263000","1502",,,,,,
"41.770311000","1502",,,,,,
"41.819263000","1502",,,,,,
"41.820464000","1502",,,,,,
"41.821666000","1502",,,,,,
"41.822867000","1502",,,,,,
"41.892614000","1502",,,,,,
"41.893816000","1502",,,,,,
"41.970664000","1502",,,,,,
"41.971866000","1502",,,,,,
"41.992964000","1502",,,,,,
"42.152012000","1502",,,,,,
"42.200964000","1502",,,,,,
"42.202165000","1502",,,,,,
"42.203367000","1502",,,,,,
"42.274315000","1502",,,,,,
"42.275517000","1502",,,,,,
"42.352365000","1502",,,,,,
"42.353567000","1502",,,,,,
"42.374664000","1502",,,,,,
"42.533713000","1502",,,,,,
"42.582664000","1502",,"1",,,,
"42.583866000","1502",,,,,,
"42.656016000","1502",,,,,,
"42.657218000","1502",,,,,,
"42.734066000","1502",,,,,,
"42.735268000","1502",,,,,,
"42.756365000","1502",,,,,,
"42.785562000","1502",,,,,,
"42.965594000","1502",,,,,,
"43.037717000","1502",,,,,,
"43.038919000","1502",,,,,,
"43.040120000","1502",,,,,,
"43.115767000","1502",,"1",,,,
"43.116969000","1502",,,,,,
"43.138066000","1502",,,,,,
"43.167289000","1502",,,,,,"1"
"43.423023000","1502",,"1",,,,
"43.497562000","1502",,,"1",,,
"43.519767000","1502",,,,,,
"43.520969000","1502",,,,,,
"43.522171000","1502",,,,,,
"43.548990000","1502",,"1",,,,
"43.826752000","1502",,,,,,
"43.879263000","1502",,,,,,
"43.901468000","1502",,"1",,,,
"43.902670000","1502",,,,,,
"43.906728000","1502",,,,,,
"43.930718000","1502",,,"1",,,
"44.001562000","1502",,,,,,"1"
"44.214487000","1502",,,,,,
"44.260964000","1502",,,,,,
"44.284398000","1502",,,,,,
"44.288456000","1502",,,,,,
"44.312419000","1502",,,,,,
"44.313621000","1502",,,,,,
"44.383263000","1502",,,,,,
"44.461562000","1502",,,,,,"1"
"44.596188000","1502",,,,,,
"44.597390000","1502",,,,,,
"44.666126000","1502",,,,,,
"44.694120000","1502",,,,,,
"44.764964000","1502",,,,,,
"44.843263000","1502",,,,,,
"44.977889000","1502",,,,,,
"44.979091000","1502",,,,,,
"45.047827000","1502",,,,,,
"45.049028000","1502",,,,,,
"45.075821000","1502",,"1",,,,
"45.146664000","1502",,,,,,
"45.224964000","1502",,,,,,
"45.277562000","1502",,,"1",,,
"45.359590000","1502",,,,,,
"45.360792000","1502",,,,,,
"45.429528000","1502",,,,,,
"45.430729000","1502",,,,,,
"45.483820000","1502",,,,,,
"45.528365000","1502",,,,,,
"45.606664000","1502",,,,,,
"45.667975000","1502",,,,,,
"45.741291000","1502",,,,,,
"45.742493000","1502",,,,,,
"45.811228000","1502",,,,,,
"45.812430000","1502",,,,,,
"45.865548000","1502",,,,,,"1"
"46.049702000","1502",,,"1",,,
"46.109562000","1502",,,"1",,,
"46.124194000","1502",,"1",,,,
"46.125395000","1502",,,,,,
"46.189562000","1502",,,"1",,,
"46.192929000","1502",,,,,,
"46.194131000","1502",,,,,,
"46.195333000","1502",,,,,,
"46.247276000","1502",,,,,,
"46.431403000","1502",,,,,,
"46.507123000","1502",,,,,,
"46.508325000","1502",,,,,,
"46.511554000","1502",,,,,,
"46.574630000","1502",,,,,,
"46.575832000","1502",,,,,,
"46.577034000","1502",,,,,,
"46.628976000","1502",,,,,,
"46.630178000","1502",,,,,,
"46.749562000","1502",,,,,,"1"
"46.890053000","1502",,,,,,
"46.956331000","1502",,,,,,
"46.957533000","1502",,,,,,
"46.958735000","1502",,,,,,
"47.010677000","1502",,,,,,
"47.011879000","1502",,,,,,
"47.013081000","1502",,,,,,
"47.131263000","1502",,,,,,
"47.271754000","1502",,,,,,
"47.272955000","1502",,,,,,
"47.338032000","1502",,,,,,
"47.339234000","1502",,,,,,
"47.340436000","1502",,,,,,
"47.392378000","1502",,,,,,
"47.393580000","1502",,,,,,
"47.394782000","1502",,,,,,
"47.512964000","1502",,,,,,
"47.653455000","1502",,,,,,
"47.654656000","1502",,,,,,
"47.719733000","1502",,,,,,
"47.720935000","1502",,,,,,
"47.722136000","1502",,,,,,
"47.774079000","1502",,,,,,
"47.775281000","1502",,,,,,
"47.776483000","1502",,,,,,
"47.894664000","1502",,,,,,
"48.035156000","1502",,,,,,
"48.036357000","1502",,,,,,
"48.101434000","1502",,,,,,
"48.102636000","1502",,,,,,
"48.103837000","1502",,,,,,
"48.155780000","1502",,,,,,
"48.156982000","1502",,,,,,
"48.158184000","1502",,,,,,
"48.276365000","1502",,,,,,
"48.416857000","1502",,,,,,
"48.418058000","1502",,,,,,
"48.483135000","1502",,,,,,
"48.484337000","1502",,,,,,
"48.485538000","1502",,,,,,
"48.537481000","1502",,,,,,
"48.538683000","1502",,,,,,
"48.539884000","1502",,,,,,
"48.658066000","1502",,,,,,
"48.798558000","1502",,,,,,
"48.799759000","1502",,,,,,
"48.864836000","1502",,,,,,
"48.866038000","1502",,,,,,
"48.867239000","1502",,,,,,
"48.919182000","1502",,,,,,
"48.920384000","1502",,,,,,
"48.921585000","1502",,,,,,
"49.039767000","1502",,,,,,
"49.180258000","1502",,,,,,
"49.181460000","1502",,,,,,
"49.246537000","1502",,,,,,
"49.247739000","1502",,,,,,
"49.248940000","1502",,,,,,
"49.300883000","1502",,,,,,
"49.302085000","1502",,,,,,
"49.303286000","1502",,,,,,
"49.561959000","1502",,,,,,
"49.563161000","1502",,,,,,
"49.564363000","1502",,,,,,
"49.628238000","1502",,,,,,
"49.629440000","1502",,,,,,
"49.630641000","1502",,,,,,
"49.682584000","1502",,,,,,
"49.683786000","1502",,,,,,
"49.684987000","1502",,,,,,
"49.943660000","1502",,,,,,
"49.944862000","1502",,,,,,
"50.009939000","1502",,,,,,
"50.011141000","1502",,,,,,
"50.012342000","1502",,,,,,
"50.064285000","1502",,,,,,
"50.065487000","1502",,,,,,
"50.066688000","1502",,,,,,
"50.325361000","1502",,"1",,,,
"50.326563000","1502",,,,,,
"50.391640000","1502",,,,,,
"50.392842000","1502",,,,,,
"50.445986000","1502",,,,,,
"50.447188000","1502",,,,,,
"50.448389000","1502",,,,,,
"50.537562000","1502",,,"1",,,
"50.708291000","1502",,,,,,
"50.713564000","1502",,,,,,
"50.774543000","1502",,"1",,,,
"50.775744000","1502",,,,,,
"50.827687000","1502",,,,,,
"50.828889000","1502",,,,,,
"50.830090000","1502",,,,,,
"50.927845000","1502",,,,,,
"50.977562000","1502",,,"1",,,
"51.090019000","1502",,,,,,"1"
"51.157472000","1502",,,,,,
"51.158674000","1502",,,,,,
"51.165313000","1502",,,,,,
"51.209388000","1502",,,,,,
"51.210590000","1502",,,,,,
"51.211791000","1502",,,,,,
"51.317877000","1502",,,,,,
"51.471720000","1502",,,,,,
"51.539200000","1502",,,,,,"1"
"51.573549000","1502",,,,,,
"51.591089000","1502",,,,,,
"51.592291000","1502",,,,,,
"51.593492000","1502",,,,,,
"51.699578000","1502",,,,,,
"51.853421000","1502",,"1",,,,
"51.920901000","1502",,,,,,
"51.955250000","1502",,,,,,
"51.956451000","1502",,,,,,
"51.973992000","1502",,"1",,,,
"52.255904000","1502",,"1",,,,
"52.302602000","1502",,,,,,
"52.336951000","1502",,,,,,
"52.338152000","1502",,,,,,
"52.381590000","1502",,"1",,,,
"52.553562000","1502",,,,,,"1"
"52.637650000","1502",,,"1",,,
"52.684303000","1502",,,,,,
"52.718652000","1502",,,,,,
"52.719853000","1502",,,,,,
"52.763336000","1502",,,"1",,,
"53.066004000","1502",,,,,,
"53.101554000","1502",,"1",,,,
"53.145037000","1502",,,,,,
"53.146238000","1502",,,,,,
"53.225562000","1502",,,"1",,,
"53.447705000","1502",,,,,,
"53.485562000","1502",,,,,,
"53.527939000","1502",,"1",,,,
"53.529141000","1502",,,,,,
"53.607263000","1502",,,,,,
"53.608464000","1502",,,,,,
"53.681562000","1502",,,,,,"1"
"53.866813000","1502",,,,,,
"53.869817000","1502",,,,,,
"53.910869000","1502",,,,,,
"53.988964000","1502",,,,,,
"53.990165000","1502",,"1",,,,
"53.991367000","1502",,,,,,
"54.109562000","1502",,,,,,"1"
"54.189562000","1502",,,"1",,,
"54.248514000","1502",,,,,,
"54.251518000","1502",,,,,,
"54.252720000","1502",,,,,,
"54.350317000","1502",,,,,,
"54.372794000","1502",,,,,,
"54.375798000","1502",,,,,,
"54.491263000","1502",,,,,,
"54.630215000","1502",,,,,,
"54.633219000","1502",,,,,,
"54.634421000","1502",,,,,,
"54.732018000","1502",,,,,,
"54.757525000","1502",,,"1",,,
"54.813593000","1502",,,,,,
"55.011916000","1502",,,,,,
"55.014920000","1502",,,,,,
"55.016122000","1502",,,,,,
"55.139226000","1502",,,,,,
"55.195294000","1502",,,,,,
"55.196495000","1502",,,,,,
"55.313562000","1502",,"1",,,,
"55.393617000","1502",,,,,,
"55.396621000","1502",,,,,,
"55.397823000","1502",,,,,,
"55.520927000","1502",,,,,,
"55.576994000","1502",,,,,,
"55.775318000","1502",,,,,,
"55.778322000","1502",,"1",,,,
"55.779524000","1502",,,,,,
"55.902628000","1502",,"1",,,,
"55.958695000","1502",,,,,,
"56.157046000","1502",,,"1",,,
"56.161252000","1502",,,,,,
"56.185564000","1502",,,,,,
"56.284477000","1502",,,,,,
"56.357562000","1502",,,,,,"1"
"56.358763000","1502",,,,,,
"56.666205000","1502",,,,,,"1"
"56.737562000","1502",,,"1",,,
"56.739263000","1502",,"1",,,,
"56.749562000","1502",,,,,,
"57.047906000","1502",,,,,,
"57.119263000","1502",,,,,,
"57.120464000","1502",,,,,,
"57.121666000","1502",,,,,,
"57.131263000","1502",,,,,,
"57.132464000","1502",,,,,,
"57.133666000","1502",,,,,,
"57.137562000","1502",,,,,,"1"
"57.429607000","1502",,,,,,
"57.500964000","1502",,,,,,
"57.502165000","1502",,,,,,
"57.503367000","1502",,,,,,
"57.514771000","1502",,"1",,,,
"57.517175000","1502",,"1",,,,
"57.519263000","1502",,,,,,
"57.811308000","1502",,,,,,
"57.882664000","1502",,,,,,
"57.883866000","1502",,,,,,
"57.885068000","1502",,,,,,
"57.898902000","1502",,"1",,,,
"57.900990000","1502",,,,,,
"57.943372000","1502",,,,,,
"58.097562000","1502",,,,,,"1"
"58.205123000","1502",,,,,,
"58.264365000","1502",,,,,,
"58.265567000","1502",,,,,,
"58.266769000","1502",,,,,,
"58.280648000","1502",,,,,,"1"
"58.303081000","1502",,,,,,
"58.586851000","1502",,,,,,"1"
"58.646066000","1502",,,,,,
"58.647268000","1502",,,,,,
"58.662349000","1502",,,,,,
"58.663551000","1502",,,,,,
"58.697591000","1502",,,,,,
"58.968552000","1502",,,,,,
"59.027767000","1502",,"1",,,,
"59.028969000","1502",,,,,,
"59.044050000","1502",,,,,,
"59.045252000","1502",,,,,,
"59.046453000","1502",,,,,,
"59.079292000","1502",,,,,,
"59.080494000","1502",,,,,,
"59.229562000","1502",,,"1",,,
"59.350253000","1502",,,,,,
"59.410697000","1502",,,,,,
"59.426953000","1502",,,,,,
"59.428154000","1502",,,,,,
"59.429356000","1502",,,,,,
"59.460993000","1502",,,,,,
"59.462195000","1502",,,,,,
"59.731954000","1502",,,,,,
"59.792425000","1502",,,"1",,,
"59.808654000","1502",,,,,,
"59.809855000","1502",,,,,,
"59.842694000","1502",,,,,,
"59.843896000","1502",,,,,,
"60.113654000","1502",,,,,,
"60.174126000","1502",,"1",,,,
"60.191556000","1502",,"1",,,,
"60.224395000","1502",,,,,,
"60.225597000","1502",,,,,,
"60.393562000","1502",,,"1",,,
"60.495355000","1502",,,,,,
"60.555853000","1502",,,"1",,,
"60.601563000","1502",,,,,,
"60.606096000","1502",,,,,,
"60.607298000","1502",,,,,,
"60.877056000","1502",,,,,,
"60.937554000","1502",,,,,,
"60.938756000","1502",,,,,,
"60.977562000","1502",,,,,,"1"
"60.983291000","1502",,,"1",,,
"60.988999000","1502",,"1",,,,
"61.258757000","1502",,,,,,
"61.319255000","1502",,,,,,
"61.320457000","1502",,,,,,
"61.321659000","1502",,,,,,
"61.364992000","1502",,,,,,
"61.366193000","1502",,,,,,
"61.454131000","1502",,,,,,
"61.569562000","1502",,,,,,"1"
"61.687605000","1502",,,,,,
"61.700956000","1502",,,,,,
"61.702158000","1502",,,,,,
"61.703360000","1502",,,,,,
"61.746693000","1502",,,,,,
"61.749096000","1502",,"1",,,,
"61.841952000","1502",,,,,,
"62.069306000","1502",,,,,,
"62.082657000","1502",,,,,,
"62.085060000","1502",,"1",,,,
"62.128394000","1502",,,,,,
"62.171108000","1502",,,,,,
"62.223653000","1502",,,,,,
"62.224855000","1502",,,,,,
"62.329562000","1502",,,,,,"1"
"62.451007000","1502",,,,,,
"62.464358000","1502",,,,,,
"62.510122000","1502",,,,,,
"62.537591000","1502",,,,,,
"62.572595000","1502",,,,,,
"62.605354000","1502",,,,,,
"62.606556000","1502",,,,,,
"62.665562000","1502",,,,,,"1"
"62.832708000","1502",,,,,,
"62.869593000","1502",,,,,,
"62.915096000","1502",,,,,,
"62.919292000","1502",,,,,,
"62.954296000","1502",,,,,,
"62.955498000","1502",,,,,,
"62.987055000","1502",,,,,,
"62.988256000","1502",,,,,,
"63.214408000","1502",,,,,,
"63.251294000","1502",,,,,,
"63.296797000","1502",,,,,,
"63.297998000","1502",,,,,,
"63.300993000","1502",,,,,,
"63.335997000","1502",,,,,,
"63.337199000","1502",,,,,,
"63.368756000","1502",,,,,,
"63.369957000","1502",,,,,,
"63.596109000","1502",,,,,,
"63.632994000","1502",,,,,,
"63.678498000","1502",,,,,,
"63.679699000","1502",,,,,,
"63.717698000","1502",,"1",,,,
"63.718900000","1502",,,,,,
"63.750457000","1502",,,,,,
"63.751658000","1502",,,,,,
"63.977810000","1502",,,,,,
"64.014695000","1502",,,,,,
"64.060199000","1502",,,,,,
"64.061400000","1502",,,,,,
"64.100628000","1502",,,,,,
"64.105121000","1502",,,,,,
"64.132158000","1502",,,,,,
"64.133359000","1502",,,,,,
"64.265562000","1502",,,,,,"1"
"64.359511000","1502",,,,,,
"64.396396000","1502",,,,,,
"64.441900000","1502",,,,,,
"64.486849000","1502",,,,,,
"64.513859000","1502",,,,,,
"64.515060000","1502",,,,,,
"64.647263000","1502",,,,,,
"64.741212000","1502",,,,,,
"64.778097000","1502",,"1",,,,
"64.823601000","1502",,,,,,
"64.868550000","1502",,,,,,
"64.869752000","1502",,,,,,
"64.895560000","1502",,,,,,
"64.896761000","1502",,,,,,
"65.028964000","1502",,,,,,
"65.122913000","1502",,,,,,
"65.195922000","1502",,,,,,
"65.243355000","1502",,,,,,
"65.250251000","1502",,,,,,
"65.251453000","1502",,,,,,
"65.277261000","1502",,,,,,
"65.278462000","1502",,,,,,
"65.410664000","1502",,,,,,
"65.504614000","1502",,,,,,
"65.577650000","1502",,,,,,"1"
"65.631952000","1502",,,,,,
"65.633154000","1502",,,,,,
"65.658962000","1502",,,,,,
"65.660163000","1502",,,,,,
"65.792365000","1502",,"1",,,,
"65.886315000","1502",,,,,,
"66.013653000","1502",,"1",,,,
"66.014855000","1502",,,,,,
"66.016056000","1502",,,,,,
"66.040663000","1502",,,,,,
"66.213562000","1502",,,,,,"1"
"66.268016000","1502",,"1",,,,
"66.396583000","1502",,,,,,
"66.397784000","1502",,,,,,
"66.422364000","1502",,,,,,
"66.423565000","1502",,,,,,
"66.424767000","1502",,,,,,
"66.541562000","1502",,,,,,"1"
"66.595263000","1502",,,,,,
"66.596464000","1502",,,,,,
"66.625562000","1502",,,"1",,,
"66.652440000","1502",,,,,,
"66.779512000","1502",,,,,,
"66.804064000","1502",,,,,,
"66.805266000","1502",,,,,,
"66.827004000","1502",,,,,,
"66.923263000","1502",,,,,,
"66.976964000","1502",,,,,,
"66.978165000","1502",,,,,,
"67.009146000","1502",,,,,,
"67.034168000","1502",,,,,,"1"
"67.161213000","1502",,,,,,
"67.162415000","1502",,,,,,
"67.185765000","1502",,,,,,
"67.186967000","1502",,,,,,
"67.304964000","1502",,,,,,
"67.358664000","1502",,,,,,
"67.359866000","1502",,,,,,
"67.407629000","1502",,,,,,
"67.415869000","1502",,,,,,
"67.542914000","1502",,,,,,
"67.544116000","1502",,,,,,
"67.567466000","1502",,,,,,
"67.568668000","1502",,,,,,
"67.686664000","1502",,,,,,
"67.740365000","1502",,,,,,
"67.741567000","1502",,,,,,
"67.789330000","1502",,,,,,
"67.790531000","1502",,,,,,
"67.797570000","1502",,,,,,
"67.924615000","1502",,,,,,
"67.925816000","1502",,,,,,
"67.949167000","1502",,,,,,
"67.950369000","1502",,,,,,
"68.068365000","1502",,,,,,
"68.122066000","1502",,,,,,
"68.123268000","1502",,,,,,
"68.171031000","1502",,,,,,
"68.172232000","1502",,,,,,
"68.179271000","1502",,,,,,
"68.306316000","1502",,,,,,
"68.307517000","1502",,,,,,
"68.330868000","1502",,,,,,
"68.332070000","1502",,,,,,
"68.450066000","1502",,,,,,
"68.504969000","1502",,"1",,,,
"68.552732000","1502",,,,,,
"68.553933000","1502",,,,,,
"68.560972000","1502",,,,,,
"68.688017000","1502",,,,,,
"68.689218000","1502",,,,,,
"68.712569000","1502",,,,,,
"68.831767000","1502",,,,,,
"68.886697000","1502",,,,,,
"68.887898000","1502",,,,,,
"68.934433000","1502",,,,,,
"68.935634000","1502",,,,,,
"68.942673000","1502",,,,,,
"69.069718000","1502",,,,,,
"69.070919000","1502",,,,,,
"69.102103000","1502",,,,,,
"69.213468000","1502",,,,,,
"69.268425000","1502",,,,,,"1"
"69.316134000","1502",,,,,,
"69.317335000","1502",,,,,,
"69.451419000","1502",,,,,,
"69.452620000","1502",,,,,,
"69.505126000","1502",,,,,,
"69.595169000","1502",,,,,,
"69.650126000","1502",,,,,,
"69.697835000","1502",,"1",,,,
"69.699036000","1502",,,,,,
"69.833120000","1502",,,,,,
"69.834321000","1502",,,,,,
"69.888028000","1502",,"1",,,,
"69.976870000","1502",,,,,,
"70.031827000","1502",,,,,,
"70.214821000","1502",,"1",,,,
"70.216022000","1502",,,,,,
"70.217224000","1502",,,,,,
"70.293590000","1502",,,,,,
"70.358571000","1502",,,,,,
"70.453608000","1502",,,,,,
"70.477562000","1502",,,,,,"1"
"70.489562000","1502",,,,,,"1"
"70.596566000","1502",,,"1",,,
"70.597768000","1502",,,,,,
"70.598970000","1502",,,,,,
"70.683131000","1502",,,,,,
"70.740272000","1502",,,,,,
"70.859263000","1502",,,,,,
"70.978267000","1502",,,,,,
"70.979469000","1502",,,,,,
"70.980671000","1502",,,,,,
"70.981872000","1502",,,,,,
"71.064832000","1502",,,,,,
"71.066034000","1502",,,,,,
"71.121973000","1502",,,,,,
"71.240964000","1502",,,,,,
"71.359968000","1502",,,,,,
"71.361170000","1502",,,,,,
"71.362372000","1502",,,,,,
"71.363573000","1502",,,,,,
"71.364775000","1502",,,,,,
"71.446533000","1502",,,,,,
"71.622664000","1502",,"1",,,,
"71.741669000","1502",,,,,,
"71.742871000","1502",,,,,,
"71.744072000","1502",,,,,,
"71.745274000","1502",,"1",,,,
"71.746476000","1502",,,,,,
"71.828234000","1502",,,,,,
"72.029562000","1502",,,,,,"1"
"72.085562000","1502",,,"1",,,
"72.123370000","1502",,,,,,
"72.124572000","1502",,,,,,
"72.125773000","1502",,,,,,
"72.128204000","1502",,,,,,
"72.185562000","1502",,,,,,
"72.256146000","1502",,,,,,
"72.411263000","1502",,"1",,,,
"72.412464000","1502",,,,,,
"72.505071000","1502",,,,,,
"72.506273000","1502",,,,,,
"72.507474000","1502",,,,,,
"72.508676000","1502",,,,,,
"72.509931000","1502",,,,,,"1"
"72.637847000","1502",,,,,,
"72.794192000","1502",,,,,,
"72.811186000","1502",,,,,,
"72.837562000","1502",,,,,,"1"
"72.889175000","1502",,,,,,
"72.890377000","1502",,,,,,
"72.892780000","1502",,"1",,,,
"73.192914000","1502",,,,,,
"73.270876000","1502",,"1",,,,
"73.272078000","1502",,,,,,
"73.294689000","1502",,,,,,
"73.469562000","1502",,,,,,"1"
"73.574615000","1502",,,,,,
"73.575816000","1502",,,,,,
"73.653806000","1502",,,,,,
"73.657608000","1502",,,,,,
"73.706656000","1502",,,,,,
"73.707857000","1502",,,,,,
"73.851263000","1502",,,,,,
"73.852464000","1502",,,,,,
"73.956316000","1502",,,,,,
"73.957517000","1502",,,,,,
"73.958719000","1502",,,,,,
"74.035534000","1502",,,,,,"1"
"74.058193000","1502",,,,,,
"74.088357000","1502",,,,,,
"74.089558000","1502",,,,,,
"74.232964000","1502",,,,,,
"74.338017000","1502",,,,,,
"74.339218000","1502",,,,,,
"74.340420000","1502",,,,,,
"74.417235000","1502",,,,,,
"74.471259000","1502",,"1",,,,
"74.614664000","1502",,,,,,
"74.641562000","1502",,,"1",,,
"74.719718000","1502",,,,,,
"74.722121000","1502",,"1",,,,
"74.798936000","1502",,,,,,
"74.800137000","1502",,,,,,
"74.801339000","1502",,,,,,
"74.817562000","1502",,,"1",,,
"74.865990000","1502",,,,,,
"74.996392000","1502",,,,,,"1"
"75.051103000","1502",,,,,,
"75.157166000","1502",,"1",,,,
"75.180636000","1502",,,,,,
"75.181838000","1502",,,,,,
"75.231707000","1502",,,,,,
"75.247717000","1502",,,,,,"1"
"75.305562000","1502",,,,,,"1"
"75.432804000","1502",,"1",,,,
"75.539036000","1502",,,"1",,,
"75.562337000","1502",,,,,,
"75.563539000","1502",,,,,,
"75.617562000","1502",,,,,,
"75.629418000","1502",,,,,,
"75.765562000","1502",,,"1",,,
"75.920737000","1502",,,,,,
"75.945267000","1502",,"1",,,,
"75.946468000","1502",,,,,,"1"
"75.999263000","1502",,,,,,
"76.000464000","1502",,,,,,
"76.011119000","1502",,,,,,
"76.198713000","1502",,,,,,
"76.302438000","1502",,"1",,,,
"76.303639000","1502",,,,,,
"76.327013000","1502",,,,,,"1"
"76.380964000","1502",,,,,,
"76.382165000","1502",,,,,,
"76.392820000","1502",,,,,,
"76.505562000","1502",,,"1",,,
"76.685221000","1502",,,,,,
"76.708714000","1502",,,,,,
"76.709915000","1502",,,,,,
"76.711117000","1502",,,,,,
"76.762664000","1502",,,,,,
"76.763866000","1502",,,,,,
"76.774521000","1502",,,,,,
"77.066949000","1502",,,,,,"1"
"77.091179000","1502",,,,,,
"77.092381000","1502",,,,,,
"77.093582000","1502",,,,,,
"77.144365000","1502",,,,,,
"77.145567000","1502",,,,,,
"77.156222000","1502",,,,,,
"77.448650000","1502",,,,,,
"77.472880000","1502",,,,,,
"77.475283000","1502",,"1",,,,
"77.476485000","1502",,,,,,
"77.526066000","1502",,,,,,
"77.527268000","1502",,,,,,
"77.673562000","1502",,,"1",,,
"77.830351000","1502",,"1",,,,
"77.854581000","1502",,,,,,
"77.858213000","1502",,,,,,
"77.907767000","1502",,,,,,
"77.908969000","1502",,"1",,,,
"77.910171000","1502",,,,,,
"78.053562000","1502",,,"1",,,
"78.121562000","1502",,,"1",,,
"78.229170000","1502",,,,,,
"78.239941000","1502",,,,,,
"78.241142000","1502",,,,,,"1"
"78.290697000","1502",,,,,,
"78.291898000","1502",,,,,,
"78.417591000","1502",,,,,,
"78.435626000","1502",,,,,,
"78.610898000","1502",,,,,,"1"
"78.622843000","1502",,,,,,
"78.672398000","1502",,,,,,
"78.673599000","1502",,,,,,
"78.705562000","1502",,,,,,"1"
"78.817354000","1502",,,,,,
"78.845563000","1502",,,,,,
"78.992599000","1502",,,,,,
"79.004544000","1502",,,,,,
"79.054099000","1502",,,,,,
"79.087263000","1502",,,,,,
"79.199055000","1502",,,,,,
"79.200256000","1502",,,,,,
"79.227264000","1502",,,,,,
"79.228466000","1502",,,,,,
"79.253562000","1502",,,"1",,,
"79.374300000","1502",,,,,,
"79.386245000","1502",,,,,,
"79.387447000","1502",,,,,,
"79.435800000","1502",,,,,,
"79.468964000","1502",,,,,,
"79.581957000","1502",,"1",,,,
"79.608965000","1502",,,,,,
"79.610166000","1502",,,,,,
"79.679680000","1502",,,,,,
"79.756000000","1502",,,,,,
"79.769148000","1502",,"1",,,,
"79.817501000","1502",,,,,,
"79.964887000","1502",,"1",,,,
"79.990666000","1502",,,,,,
"79.991867000","1502",,,,,,
"80.061381000","1502",,,,,,
"80.163183000","1502",,,,,,
"80.301563000","1502",,,,,,
"80.346633000","1502",,,"1",,,
"80.372367000","1502",,"1",,,,
"80.373568000","1502",,,,,,
"80.443109000","1502",,,,,,"1"
"80.721562000","1502",,,"1",,,
"80.728360000","1502",,,,,,
"80.729562000","1502",,,"1",,,
"80.755296000","1502",,,,,,
"80.824810000","1502",,,,,,
"80.826011000","1502",,,,,,
"81.110061000","1502",,,,,,
"81.111263000","1502",,,,,,
"81.112465000","1502",,,,,,
"81.113666000","1502",,,,,,
"81.114868000","1502",,,,,,
"81.207712000","1502",,,,,,
"81.492964000","1502",,,,,,
"81.494166000","1502",,,,,,
"81.495367000","1502",,,,,,
"81.496569000","1502",,,,,,
"81.497770000","1502",,,,,,
"81.589413000","1502",,,,,,
"81.705562000","1502",,,"1",,,
"81.874692000","1502",,,"1",,,
"81.875893000","1502",,,,,,
"81.877095000","1502",,,,,,
"81.879498000","1502",,,,,,
"81.880700000","1502",,,,,,
"81.881901000","1502",,,,,,
"81.971114000","1502",,"1",,,,
"82.256393000","1502",,,,,,
"82.257594000","1502",,,,,,
"82.258796000","1502",,,,,,
"82.259998000","1502",,,,,,
"82.261199000","1502",,,,,,
"82.263602000","1502",,"1",,,,
"82.381591000","1502",,,,,,
"82.505562000","1502",,,,,,"1"
"82.638094000","1502",,,,,,
"82.639295000","1502",,,,,,
"82.640497000","1502",,,,,,
"82.642900000","1502",,,,,,
"82.644102000","1502",,,,,,
"82.741762000","1502",,,,,,
"82.787156000","1502",,,,,,
"83.019795000","1502",,,,,,
"83.020996000","1502",,,,,,
"83.022198000","1502",,,,,,
"83.024601000","1502",,,,,,
"83.053590000","1502",,,,,,
"83.073562000","1502",,,,,,"1"
"83.168857000","1502",,,,,,
"83.170059000","1502",,,,,,
"83.171260000","1502",,,,,,
"83.401496000","1502",,,,,,
"83.406302000","1502",,,,,,
"83.455263000","1502",,,,,,
"83.550558000","1502",,,,,,
"83.551760000","1502",,,,,,
"83.552961000","1502",,,,,,
"83.554163000","1502",,,,,,
"83.605562000","1502",,,,,,
"83.783197000","1502",,,,,,
"83.784398000","1502",,,,,,
"83.788003000","1502",,,,,,
"83.836964000","1502",,,,,,
"83.932259000","1502",,,,,,
"83.933461000","1502",,,,,,
"83.934662000","1502",,,,,,
"83.935864000","1502",,,,,,
"83.987263000","1502",,,,,,
"84.166099000","1502",,,,,,
"84.167301000","1502",,,,,,
"84.218664000","1502",,,,,,
"84.313960000","1502",,,,,,
"84.315162000","1502",,,,,,
"84.316363000","1502",,"1",,,,
"84.317565000","1502",,,,,,
"84.368964000","1502",,,,,,
"84.547800000","1502",,,,,,
"84.549002000","1502",,,,,,
"84.600365000","1502",,,,,,
"84.695661000","1502",,,,,,
"84.699293000","1502",,,,,,
"84.721170000","1502",,,,,,
"84.750664000","1502",,,,,,
"84.769562000","1502",,,,,,"1"
"84.929501000","1502",,,,,,
"84.930703000","1502",,,,,,
"84.965562000","1502",,,"1",,,
"84.982066000","1502",,,,,,
"84.983268000","1502",,,,,,
"85.077362000","1502",,,,,,
"85.082693000","1502",,,,,,
"85.132365000","1502",,,,,,
"85.151263000","1502",,,,,,
"85.311202000","1502",,,,,,
"85.312404000","1502",,,,,,
"85.363767000","1502",,,,,,
"85.364969000","1502",,,,,,
"85.366171000","1502",,,,,,
"85.459063000","1502",,,,,,
"85.464394000","1502",,,,,,
"85.465595000","1502",,,,,,
"85.514066000","1502",,,,,,
"85.532964000","1502",,,,,,
"85.692903000","1502",,,,,,
"85.694105000","1502",,,,,,
"85.745468000","1502",,,,,,
"85.746670000","1502",,,,,,
"85.747872000","1502",,,,,,
"85.840764000","1502",,,,,,
"85.846095000","1502",,,,,,
"85.847296000","1502",,,,,,
"85.895767000","1502",,,,,,
"85.914664000","1502",,,,,,
"86.074604000","1502",,,,,,
"86.075806000","1502",,,,,,
"86.222465000","1502",,"1",,,,
"86.223667000","1502",,,,,,
"86.227796000","1502",,,,,,
"86.228997000","1502",,,,,,
"86.277468000","1502",,,,,,
"86.296365000","1502",,,,,,
"86.456305000","1502",,,,,,
"86.457507000","1502",,,,,,
"86.605394000","1502",,,,,,
"86.606596000","1502",,,,,,"1"
"86.609497000","1502",,,,,,
"86.659169000","1502",,,,,,
"86.678066000","1502",,"1",,,,
"86.838006000","1502",,,,,,
"86.839208000","1502",,,,,,
"86.987122000","1502",,,"1",,,
"86.988324000","1502",,,,,,
"86.991198000","1502",,,,,,
"87.040870000","1502",,,,,,
"87.117622000","1502",,,,,,
"87.219707000","1502",,,,,,
"87.220908000","1502",,,,,,
"87.370025000","1502",,"1",,,,
"87.371226000","1502",,,,,,
"87.422571000","1502",,,,,,
"87.423773000","1502",,,,,,
"87.585562000","1502",,,,,,
"87.602609000","1502",,"1",,,,
"87.752954000","1502",,,,,,
"87.781652000","1502",,,,,,
"87.804299000","1502",,,,,,"1"
"87.805501000","1502",,,,,,
"87.984337000","1502",,,,,,
"87.985590000","1502",,,,,,
"88.005562000","1502",,,,,,"1"
"88.134842000","1502",,,,,,
"88.186000000","1502",,,,,,
"88.197562000","1502",,,,,,"1"
"88.367240000","1502",,"1",,,,
"88.387263000","1502",,,,,,
"88.388464000","1502",,,,,,
"88.516542000","1502",,,,,,
"88.517744000","1502",,,,,,
"88.579263000","1502",,,,,,
"88.765562000","1502",,"1",,,,
"88.768964000","1502",,,,,,
"88.770165000","1502",,,,,,
"88.898243000","1502",,"1",,,,
"88.899445000","1502",,,,,,
"88.949562000","1502",,,,,,"1"
"88.960964000","1502",,,,,,
"89.147307000","1502",,,"1",,,
"89.150664000","1502",,,,,,
"89.151866000","1502",,,,,,
"89.342664000","1502",,,,,,
"89.381562000","1502",,,"1",,,
"89.530210000","1502",,"1",,,,
"89.532365000","1502",,,,,,
"89.533567000","1502",,,,,,
"89.724365000","1502",,,,,,
"89.763263000","1502",,,,,,
"89.764464000","1502",,,,,,
"89.914066000","1502",,,,,,
"89.915268000","1502",,,,,,
"89.916470000","1502",,,,,,
"90.106066000","1502",,,,,,
"90.109562000","1502",,,,,,"1"
"90.146165000","1502",,,,,,
"90.147367000","1502",,,,,,
"90.148568000","1502",,,,,,
"90.296969000","1502",,,,,,
"90.298171000","1502",,,,,,
"90.299372000","1502",,,,,,
"90.300574000","1502",,,,,,
"90.487767000","1502",,,,,,
"90.491263000","1502",,,,,,
"90.492464000","1502",,,,,,
"90.527866000","1502",,,,,,
"90.529068000","1502",,,,,,
"90.678670000","1502",,,,,,
"90.679872000","1502",,,,,,
"90.682275000","1502",,"1",,,,
"90.872964000","1502",,,,,,
"90.874165000","1502",,,,,,
"90.909567000","1502",,"1",,,,
"90.910769000","1502",,,,,,
"91.060371000","1502",,,,,,
"91.061572000","1502",,,,,,
"91.125562000","1502",,,"1",,,
"91.254664000","1502",,,,,,
"91.255866000","1502",,,,,,
"91.265562000","1502",,,"1",,,
"91.292496000","1502",,,,,,
"91.305391000","1502",,,,,,
"91.442072000","1502",,,,,,
"91.443273000","1502",,,,,,
"91.637567000","1502",,"1",,,,
"91.647263000","1502",,,,,,
"91.648464000","1502",,,,,,
"91.687118000","1502",,,"1",,,
"91.823773000","1502",,,,,,
"91.824974000","1502",,,,,,
"92.021104000","1502",,,,,,
"92.030165000","1502",,,,,,
"92.032568000","1502",,"1",,,,
"92.068819000","1502",,"1",,,,
"92.206702000","1502",,,,,,
"92.207904000","1502",,,,,,"1"
"92.277562000","1502",,,"1",,,
"92.411866000","1502",,,,,,
"92.450547000","1502",,,,,,
"92.468073000","1502",,,,,,
"92.589605000","1502",,,,,,
"92.613562000","1502",,,,,,"1"
"92.683176000","1502",,,,,,
"92.684378000","1502",,,,,,
"92.849608000","1502",,"1",,,,
"92.869562000","1502",,,,,,"1"
"92.971306000","1502",,"1",,,,
"92.972507000","1502",,,,,,
"93.065025000","1502",,,,,,
"93.173562000","1502",,,"1",,,
"93.231336000","1502",,,"1",,,
"93.251263000","1502",,,,,,
"93.252464000","1502",,,,,,
"93.358525000","1502",,"1",,,,
"93.446726000","1502",,,,,,
"93.447928000","1502",,,,,,
"93.564568000","1502",,,,,,
"93.613037000","1502",,,,,,
"93.632964000","1502",,,,,,
"93.634165000","1502",,,,,,
"93.635367000","1502",,,,,,
"93.740270000","1502",,,,,,"1"
"93.828427000","1502",,,,,,
"93.829629000","1502",,,,,,
"93.994738000","1502",,,,,,
"94.014664000","1502",,,,,,
"94.015866000","1502",,,,,,
"94.017068000","1502",,,,,,
"94.210128000","1502",,,,,,
"94.211330000","1502",,,,,,
"94.376438000","1502",,,,,,
"94.396365000","1502",,,,,,
"94.397567000","1502",,,,,,
"94.398769000","1502",,,,,,
"94.591829000","1502",,,,,,
"94.593031000","1502",,,,,,
"94.725562000","1502",,,"1",,,
"94.758139000","1502",,,,,,
"94.778066000","1502",,,,,,
"94.779268000","1502",,,,,,
"94.780470000","1502",,,,,,
"94.973530000","1502",,,,,,
"95.107263000","1502",,,,,,
"95.108464000","1502",,,,,,
"95.109666000","1502",,,,,,
"95.139840000","1502",,,,,,
"95.160969000","1502",,"1",,,,
"95.162171000","1502",,"1",,,,
"95.355231000","1502",,,,,,
"95.488964000","1502",,,,,,
"95.490165000","1502",,,,,,
"95.491367000","1502",,,,,,
"95.543898000","1502",,"1",,,,
"95.557562000","1502",,,,,,
"95.558763000","1502",,,,,,"1"
"95.741562000","1502",,,,,,"1"
"95.742763000","1502",,,,,,
"95.870664000","1502",,,,,,
"95.871866000","1502",,,,,,
"95.873068000","1502",,,,,,
"95.925644000","1502",,,"1",,,
"95.940464000","1502",,,,,,
"96.124464000","1502",,,,,,
"96.252365000","1502",,,,,,
"96.253567000","1502",,,,,,
"96.307345000","1502",,,,,,
"96.308547000","1502",,,,,,
"96.322165000","1502",,,,,,
"96.323367000","1502",,,,,,
"96.461562000","1502",,,"1",,,
"96.506165000","1502",,,,,,
"96.634066000","1502",,,,,,
"96.635268000","1502",,,,,,
"96.636470000","1502",,,,,,
"96.689046000","1502",,,,,,
"96.690248000","1502",,,,,,
"96.691449000","1502",,,,,,
"96.703866000","1502",,,,,,
"96.705068000","1502",,,,,,
"96.887866000","1502",,,,,,
"97.015767000","1502",,,,,,
"97.016969000","1502",,,,,,
"97.071949000","1502",,"1",,,,
"97.073150000","1502",,,,,,
"97.085567000","1502",,,,,,
"97.269567000","1502",,"1",,,,
"97.397468000","1502",,"1",,,,
"97.454878000","1502",,,,,,
"97.467268000","1502",,,,,,
"97.468470000","1502",,,,,,
"97.653562000","1502",,,,,,"1"
"97.654763000","1502",,,,,,
"97.669562000","1502",,,,,,"1"
"97.789614000","1502",,"1",,,,
"97.797562000","1502",,,,,,"1"
"97.848996000","1502",,,,,,
"97.916125000","1502",,,,,,
"98.035263000","1502",,,,,,
"98.051263000","1502",,,,,,
"98.171360000","1502",,,"1",,,
"98.230697000","1502",,,,,,
"98.297826000","1502",,,,,,
"98.416964000","1502",,"1",,,,
"98.432964000","1502",,,,,,
"98.553061000","1502",,,,,,
"98.554262000","1502",,,,,,
"98.612398000","1502",,,,,,
"98.679527000","1502",,"1",,,,
"98.813562000","1502",,,,,,"1"
"98.814763000","1502",,,,,,
"98.934762000","1502",,,,,,
"98.935963000","1502",,,,,,
"98.937165000","1502",,,,,,
"99.061255000","1502",,,,,,
"99.089092000","1502",,,,,,
"99.195263000","1502",,"1",,,,
"99.196464000","1502",,,,,,
"99.240124000","1502",,,,,,
"99.316463000","1502",,,,,,
"99.317664000","1502",,,,,,
"99.318866000","1502",,,,,,
"99.442956000","1502",,,,,,
"99.470820000","1502",,,,,,"1"
"99.578192000","1502",,,,,,
"99.621852000","1502",,,,,,
"99.641562000","1502",,,,,,"1"
"99.698164000","1502",,,,,,
"99.699365000","1502",,,,,,
"99.700567000","1502",,,,,,
"99.850139000","1502",,,,,,
"99.852521000","1502",,"1",,,,
"100.023263000","1502",,,,,,
"100.079865000","1502",,,,,,
"100.081066000","1502",,,,,,
"100.082268000","1502",,,,,,
"100.213562000","1502",,,"1",,,
"100.293566000","1502",,,,,,
"100.404964000","1502",,,,,,
"100.406165000","1502",,,,,,
"100.407367000","1502",,,,,,
"100.462767000","1502",,"1",,,,
"100.463969000","1502",,,,,,
"100.625567000","1502",,,,,,
"100.626769000","1502",,,,,,
"100.690634000","1502",,,,,,
"100.786664000","1502",,,,,,
"100.787866000","1502",,,,,,
"100.789068000","1502",,,,,,
"100.797562000","1502",,,,,,"1"
"100.845697000","1502",,,,,,
"100.921562000","1502",,,,,,
"101.008496000","1502",,,,,,
"101.077562000","1502",,,,,,"1"
"101.168365000","1502",,,,,,
"101.169567000","1502",,,,,,
"101.170769000","1502",,,,,,
"101.179263000","1502",,,,,,
"101.229562000","1502",,,,,,
"101.390197000","1502",,,,,,
"101.391399000","1502",,,,,,
"101.459263000","1502",,,,,,
"101.550066000","1502",,,,,,
"101.560964000","1502",,,,,,
"101.611263000","1502",,,,,,
"101.612464000","1502",,,,,,
"101.771898000","1502",,,,,,
"101.840964000","1502",,,,,,
"101.931767000","1502",,"1",,,,
"101.942664000","1502",,"1",,,,
"101.992964000","1502",,,,,,
"101.994165000","1502",,,,,,
"102.137562000","1502",,,"1",,,
"102.153599000","1502",,,,,,
"102.222664000","1502",,,,,,
"102.321688000","1502",,,,,,
"102.353562000","1502",,,,,,"1"
"102.374664000","1502",,,,,,
"102.375866000","1502",,,,,,
"102.535327000","1502",,,,,,
"102.557594000","1502",,,,,,
"102.703416000","1502",,,,,,"1"
"102.735263000","1502",,"1",,,,
"102.736464000","1502",,,,,,
"102.756365000","1502",,"1",,,,
"102.757567000","1502",,,,,,
"102.917055000","1502",,,"1",,,
"102.939295000","1502",,,,,,
"103.085144000","1502",,,,,,
"103.118192000","1502",,,,,,
"103.139295000","1502",,,,,,
"103.141562000","1502",,,,,,"1"
"103.142763000","1502",,,,,,
"103.193562000","1502",,,,,,"1"
"103.298756000","1502",,,,,,
"103.443076000","1502",,"1",,,,
"103.466845000","1502",,,,,,
"103.468047000","1502",,,,,,
"103.521562000","1502",,,,,,
"103.575263000","1502",,,,,,
"103.680457000","1502",,,,,,
"103.824804000","1502",,,"1",,,
"103.848546000","1502",,,,,,
"103.849748000","1502",,,,,,
"103.903263000","1502",,,,,,
"103.904464000","1502",,,,,,
"103.956964000","1502",,,,,,
"104.062158000","1502",,,,,,
"104.206504000","1502",,,,,,
"104.207706000","1502",,,,,,
"104.230247000","1502",,,,,,
"104.231449000","1502",,,,,,
"104.284964000","1502",,,,,,
"104.286165000","1502",,,,,,
"104.338664000","1502",,,,,,
"104.588205000","1502",,,,,,
"104.589407000","1502",,,,,,
"104.590609000","1502",,,,,,
"104.611948000","1502",,"1",,,,
"104.613150000","1502",,,,,,
"104.667866000","1502",,"1",,,,
"104.720365000","1502",,,,,,
"104.969906000","1502",,,,,,
"104.971108000","1502",,,,,,
"104.972310000","1502",,,,,,
"104.994877000","1502",,,,,,
"105.054180000","1502",,,,,,
"105.121564000","1502",,,,,,
"105.351607000","1502",,,,,,
"105.352809000","1502",,,,,,
"105.354011000","1502",,,,,,
"105.380093000","1502",,,,,,
"105.455068000","1502",,,,,,
"105.733308000","1502",,,,,,
"105.735712000","1502",,"1",,,,
"105.761821000","1502",,,"1",,,
"105.787096000","1502",,,,,,
"105.836796000","1502",,,"1",,,
"105.845598000","1502",,,,,,
"106.115009000","1502",,,,,,
"106.120626000","1502",,,,,,
"106.143522000","1502",,,,,,
"106.168797000","1502",,,,,,
"106.169998000","1502",,,,,,
"106.218496000","1502",,,,,,
"106.227299000","1502",,,,,,
"106.228501000","1502",,,,,,
"106.317562000","1502",,,,,,"1"
"106.502354000","1502",,,,,,
"106.504690000","1502",,,,,,
"106.525223000","1502",,,,,,
"106.550498000","1502",,,,,,
"106.551699000","1502",,,,,,
"106.600197000","1502",,,,,,
"106.609000000","1502",,,,,,
"106.610202000","1502",,,,,,
"106.884055000","1502",,,,,,
"106.886391000","1502",,,,,,
"106.887593000","1502",,,,,,
"106.906924000","1502",,,,,,
"106.932199000","1502",,,,,,
"106.933400000","1502",,,,,,
"106.990701000","1502",,"1",,,,
"106.991902000","1502",,,,,,
"107.265756000","1502",,,,,,
"107.268092000","1502",,,,,,
"107.269294000","1502",,,,,,
"107.288625000","1502",,,,,,
"107.313900000","1502",,,,,,
"107.315101000","1502",,,,,,
"107.373630000","1502",,,,,,
"107.395092000","1502",,,,,,
"107.565562000","1502",,,,,,"1"
"107.647457000","1502",,,,,,
"107.649793000","1502",,,,,,
"107.650995000","1502",,,,,,
"107.670326000","1502",,,,,,
"107.695601000","1502",,,,,,
"107.696802000","1502",,,,,,
"107.776820000","1502",,,,,,
"107.947263000","1502",,,,,,
"108.029158000","1502",,,,,,
"108.031494000","1502",,,,,,
"108.032696000","1502",,,,,,
"108.052027000","1502",,,,,,
"108.078503000","1502",,"1",,,,
"108.158521000","1502",,,,,,
"108.159722000","1502",,,,,,
"108.328964000","1502",,,,,,
"108.410859000","1502",,,,,,
"108.413195000","1502",,,,,,
"108.414397000","1502",,,,,,
"108.433728000","1502",,,,,,
"108.540222000","1502",,,,,,
"108.541423000","1502",,,,,,
"108.657562000","1502",,,,,,"1"
"108.710664000","1502",,"1",,,,
"108.794896000","1502",,,,,,
"108.796098000","1502",,,,,,
"108.797299000","1502",,,,,,
"108.849562000","1502",,,,,,
"108.923124000","1502",,,,,,
"108.924326000","1502",,,,,,
"109.176597000","1502",,,,,,
"109.177799000","1502",,,,,,
"109.179000000","1502",,,,,,
"109.231263000","1502",,,,,,
"109.304825000","1502",,,,,,
"109.306027000","1502",,,,,,
"109.393695000","1502",,,,,,
"109.558298000","1502",,,,,,
"109.559500000","1502",,,,,,
"109.686526000","1502",,"1",,,,
"109.687728000","1502",,,,,,
"109.847068000","1502",,"1",,,,
"109.889562000","1502",,,,,,"1"
"109.939999000","1502",,"1",,,,
"109.941201000","1502",,,,,,
"110.069456000","1502",,,,,,
"110.107451000","1502",,,,,,
"110.141562000","1502",,,"1",,,
"110.193562000","1502",,,,,,"1"
"110.271289000","1502",,,"1",,,
"110.322929000","1502",,,,,,
"110.360701000","1502",,,,,,
"110.490217000","1502",,,,,,
"110.575263000","1502",,,,,,
"110.576464000","1502",,,,,,
"110.652990000","1502",,,,,,
"110.654192000","1502",,,,,,
"110.655394000","1502",,,,,,
"110.704656000","1502",,,,,,"1"
"110.871918000","1502",,,,,,
"110.873119000","1502",,,,,,
"110.958165000","1502",,,,,,
"110.959367000","1502",,,,,,
"111.034691000","1502",,,,,,
"111.035893000","1502",,,,,,
"111.037095000","1502",,,,,,
"111.254820000","1502",,"1",,,,
"111.339866000","1502",,"1",,,,
"111.341068000","1502",,,,,,
"111.342269000","1502",,,,,,
"111.416392000","1502",,,,,,
"111.417594000","1502",,,,,,
"111.669562000","1502",,,"1",,,
"111.722796000","1502",,,,,,
"111.723997000","1502",,,,,,
"111.798093000","1502",,"1",,,,
"111.799295000","1502",,"1",,,,
"111.837562000","1502",,,,,,"1"
"112.001562000","1502",,,,,,
"112.059623000","1502",,,,,,
"112.104523000","1502",,,,,,"1"
"112.179839000","1502",,,"1",,,
"112.181593000","1502",,,,,,
"112.424284000","1502",,,,,,
"112.486224000","1502",,,,,,
"112.487426000","1502",,,,,,
"112.561540000","1502",,,,,,
"112.562742000","1502",,,,,,
"112.563943000","1502",,,,,,"1"
"112.808285000","1502",,,,,,
"112.867925000","1502",,,,,,
"112.869127000","1502",,,,,,
"112.870328000","1502",,,,,,
"112.943241000","1502",,,,,,
"112.944443000","1502",,,,,,
"112.945644000","1502",,,,,,
"112.946846000","1502",,,,,,
"113.189986000","1502",,,,,,
"113.191188000","1502",,,,,,
"113.249626000","1502",,,,,,
"113.250828000","1502",,,,,,
"113.252029000","1502",,,,,,
"113.324942000","1502",,,,,,
"113.326144000","1502",,,,,,
"113.327345000","1502",,,,,,
"113.328547000","1502",,,,,,
"113.571687000","1502",,,,,,
"113.572889000","1502",,,,,,
"113.631327000","1502",,,,,,
"113.632529000","1502",,,,,,
"113.633730000","1502",,,,,,
"113.707844000","1502",,"1",,,,
"113.709046000","1502",,,,,,
"113.953388000","1502",,"1",,,,
"113.954590000","1502",,,,,,
"114.013028000","1502",,,,,,
"114.014230000","1502",,,,,,
"114.015431000","1502",,,,,,
"114.090774000","1502",,,,,,
"114.190173000","1502",,,,,,
"114.336317000","1502",,,,,,
"114.381591000","1502",,,,,,
"114.394729000","1502",,,,,,
"114.395931000","1502",,,,,,
"114.397132000","1502",,,,,,
"114.718045000","1502",,,,,,"1"
"114.773562000","1502",,,,,,
"114.776430000","1502",,,,,,
"114.778833000","1502",,"1",,,,
"115.099746000","1502",,,,,,
"115.153562000","1502",,,"1",,,
"115.155263000","1502",,,,,,
"115.156464000","1502",,,,,,
"115.158131000","1502",,,,,,
"115.206130000","1502",,,,,,
"115.361562000","1502",,,,,,"1"
"115.481447000","1502",,,,,,
"115.535263000","1502",,,,,,
"115.536964000","1502",,,,,,
"115.538165000","1502",,,,,,
"115.573235000","1502",,,,,,
"115.689633000","1502",,,,,,
"115.863148000","1502",,,,,,
"115.916964000","1502",,,,,,
"115.918165000","1502",,,,,,
"115.919367000","1502",,,,,,
"115.920568000","1502",,,,,,
"115.921770000","1502",,,,,,
"116.071334000","1502",,,,,,
"116.072535000","1502",,,,,,
"116.244849000","1502",,,,,,
"116.298664000","1502",,,,,,
"116.299866000","1502",,,,,,
"116.301068000","1502",,,,,,
"116.302269000","1502",,,,,,
"116.303471000","1502",,,,,,
"116.453035000","1502",,,,,,
"116.454236000","1502",,,,,,
"116.455438000","1502",,,,,,
"116.626550000","1502",,,,,,
"116.680365000","1502",,,,,,
"116.682769000","1502",,"1",,,,
"116.683970000","1502",,,,,,
"116.685172000","1502",,,,,,
"116.835937000","1502",,"1",,,,
"116.837139000","1502",,,,,,
"117.062066000","1502",,,,,,
"117.065671000","1502",,,,,,
"117.066873000","1502",,"1",,,,
"117.068074000","1502",,,,,,
"117.218085000","1502",,,,,,
"117.233242000","1502",,,,,,
"117.265562000","1502",,,,,,"1"
"117.425562000","1502",,,,,,"1"
"117.447399000","1502",,,,,,
"117.448601000","1502",,,,,,
"117.449802000","1502",,,,,,
"117.491754000","1502",,,,,,
"117.589562000","1502",,,,,,"1"
"117.609563000","1502",,,,,,
"117.807263000","1502",,,,,,
"117.829100000","1502",,,,,,
"117.830302000","1502",,,,,,
"117.831503000","1502",,,,,,
"117.991264000","1502",,,,,,
"117.992466000","1502",,,,,,
"118.188964000","1502",,,,,,
"118.210801000","1502",,,,,,
"118.212003000","1502",,,,,,
"118.213204000","1502",,,,,,
"118.372965000","1502",,,,,,
"118.374166000","1502",,,,,,
"118.449562000","1502",,"1",,,,
"118.570664000","1502",,,,,,
"118.592502000","1502",,,,,,
"118.593781000","1502",,,,,,
"118.594983000","1502",,,,,,
"118.754666000","1502",,,,,,
"118.755867000","1502",,,,,,
"118.835254000","1502",,,,,,
"118.974203000","1502",,,,,,
"118.975482000","1502",,,,,,
"118.976684000","1502",,,,,,
"119.033562000","1502",,,,,,"1"
"119.136367000","1502",,"1",,,,
"119.250824000","1502",,"1",,,,
"119.357183000","1502",,"1",,,,
"119.358385000","1502",,,,,,
"119.415263000","1502",,,,,,
"119.533562000","1502",,,"1",,,
"119.633563000","1502",,"1",,,,
"119.740112000","1502",,,,,,
"119.765242000","1502",,,,,,
"119.802287000","1502",,,,,,
"119.833562000","1502",,,,,,"1"
"119.915363000","1502",,,,,,
"119.937562000","1502",,,,,,"1"
"120.297064000","1502",,,,,,
"120.298265000","1502",,,,,,
"120.299467000","1502",,,,,,
"120.319263000","1502",,"1",,,,
"120.678765000","1502",,,,,,
"120.679966000","1502",,,,,,
"120.681168000","1502",,,,,,
"120.729562000","1502",,,"1",,,
"120.797562000","1502",,,"1",,,
"121.060466000","1502",,,,,,
"121.061667000","1502",,,,,,
"121.062869000","1502",,,,,,
"121.111263000","1502",,,,,,
"121.112464000","1502",,,,,,
"121.179263000","1502",,,,,,
"121.180464000","1502",,,,,,
"121.181666000","1502",,,,,,
"121.442167000","1502",,,,,,
"121.443368000","1502",,,,,,
"121.444570000","1502",,,,,,
"121.494165000","1502",,"1",,,,
"121.562165000","1502",,"1",,,,
"121.563367000","1502",,,,,,
"121.693562000","1502",,,"1",,,
"121.823868000","1502",,,,,,
"121.825069000","1502",,,,,,
"121.826271000","1502",,,,,,
"121.892992000","1502",,,,,,
"121.958149000","1502",,,,,,
"122.081590000","1502",,,,,,
"122.141562000","1502",,,,,,"1"
"122.205568000","1502",,,,,,
"122.206770000","1502",,,,,,
"122.208058000","1502",,,,,,
"122.459078000","1502",,,,,,
"122.463318000","1502",,,"1",,,
"122.523263000","1502",,,,,,
"122.587269000","1502",,,,,,
"122.588471000","1502",,,,,,
"122.589759000","1502",,,,,,
"122.840779000","1502",,,,,,
"122.904964000","1502",,,,,,
"122.906165000","1502",,"1",,,,
"122.968970000","1502",,,,,,
"122.970172000","1502",,,,,,
"122.971460000","1502",,,,,,
"123.222480000","1502",,,,,,
"123.299886000","1502",,,,,,
"123.350671000","1502",,,,,,
"123.353161000","1502",,"1",,,,
"123.613593000","1502",,,,,,
"123.625562000","1502",,,,,,"1"
"123.701588000","1502",,,,,,
"123.732372000","1502",,,,,,
"123.763078000","1502",,,,,,
"123.933562000","1502",,,,,,"1"
"124.007263000","1502",,,,,,
"124.083289000","1502",,,,,,
"124.084491000","1502",,,,,,
"124.144806000","1502",,,,,,
"124.146008000","1502",,,,,,
"124.388964000","1502",,,,,,
"124.464990000","1502",,,,,,
"124.466192000","1502",,,,,,
"124.526507000","1502",,,,,,
"124.527709000","1502",,,,,,
"124.846691000","1502",,"1",,,,
"124.847893000","1502",,,,,,
"124.908208000","1502",,"1",,,,
"124.909410000","1502",,,,,,
"125.037562000","1502",,,"1",,,
"125.109562000","1502",,,"1",,,
"125.229621000","1502",,,,,,
"125.289936000","1502",,,,,,
"125.291138000","1502",,,,,,
"125.323353000","1502",,,,,,
"125.419263000","1502",,,,,,
"125.421666000","1502",,"1",,,,
"125.547119000","1502",,,,,,
"125.635602000","1502",,,,,,
"125.672865000","1502",,,,,,"1"
"125.807152000","1502",,"1",,,,
"125.958358000","1502",,,,,,
"126.001562000","1502",,,,,,"1"
"126.017330000","1502",,,"1",,,
"126.019139000","1502",,,,,,
"126.054566000","1502",,,,,,
"126.188898000","1502",,,"1",,,
"126.340059000","1502",,,,,,
"126.341261000","1502",,,,,,
"126.399031000","1502",,,,,,
"126.400840000","1502",,,,,,
"126.402042000","1502",,,,,,
"126.436267000","1502",,,,,,
"126.570599000","1502",,,,,,
"126.571801000","1502",,,,,,
"126.721760000","1502",,,,,,
"126.780732000","1502",,,,,,
"126.782541000","1502",,,,,,
"126.817968000","1502",,"1",,,,
"126.952300000","1502",,,,,,
"126.953502000","1502",,,,,,
"126.954703000","1502",,,,,,
"127.103461000","1502",,,,,,
"127.162433000","1502",,"1",,,,
"127.164242000","1502",,,,,,
"127.257393000","1502",,,,,,
"127.305562000","1502",,,,,,"1"
"127.334001000","1502",,,,,,
"127.335249000","1502",,,,,,
"127.336451000","1502",,,,,,
"127.401562000","1502",,,"1",,,
"127.544160000","1502",,,,,,
"127.545970000","1502",,,,,,
"127.557562000","1502",,,,,,
"127.662119000","1502",,,,,,
"127.716950000","1502",,"1",,,,
"127.718152000","1502",,,,,,
"127.925861000","1502",,,,,,
"127.927698000","1502",,,,,,"1"
"128.019309000","1502",,,,,,
"128.043820000","1502",,,,,,
"128.045021000","1502",,,,,,
"128.114609000","1502",,"1",,,,
"128.297562000","1502",,,,,,"1"
"128.307562000","1502",,,,,,
"128.309399000","1502",,,,,,
"128.401010000","1502",,,,,,
"128.402211000","1502",,,,,,
"128.425521000","1502",,,,,,
"128.426722000","1502",,,,,,
"128.496354000","1502",,,"1",,,
"128.689263000","1502",,,,,,
"128.691100000","1502",,,,,,
"128.783957000","1502",,"1",,,,
"128.807222000","1502",,,,,,
"128.808423000","1502",,,,,,
"128.878055000","1502",,,,,,
"128.879257000","1502",,,,,,
"129.070964000","1502",,,,,,
"129.072801000","1502",,,,,,
"129.188923000","1502",,,,,,
"129.190124000","1502",,,,,,
"129.191326000","1502",,,,,,
"129.260958000","1502",,"1",,,,
"129.262160000","1502",,,,,,
"129.381562000","1502",,,,,,"1"
"129.452665000","1502",,,,,,
"129.503629000","1502",,,,,,
"129.571825000","1502",,,,,,
"129.573027000","1502",,,,,,
"129.574228000","1502",,,,,,
"129.643887000","1502",,,,,,
"129.682373000","1502",,,,,,
"129.834366000","1502",,,,,,
"129.841562000","1502",,,,,,"1"
"129.885330000","1502",,,,,,
"129.953526000","1502",,,,,,
"129.954728000","1502",,,,,,
"129.955929000","1502",,,,,,
"129.957131000","1502",,,,,,
"130.045618000","1502",,,,,,
"130.216067000","1502",,,,,,
"130.223263000","1502",,,,,,
"130.267031000","1502",,,,,,
"130.335227000","1502",,,,,,
"130.336429000","1502",,,,,,
"130.337630000","1502",,,,,,
"130.338832000","1502",,,,,,
"130.427319000","1502",,,,,,
"130.428521000","1502",,,,,,
"130.597768000","1502",,,,,,
"130.648732000","1502",,,,,,
"130.716928000","1502",,,,,,
"130.718130000","1502",,,,,,
"130.719331000","1502",,,,,,
"130.720533000","1502",,,,,,
"130.809020000","1502",,"1",,,,
"130.810222000","1502",,,,,,
"130.979469000","1502",,,,,,
"131.030433000","1502",,,,,,
"131.098629000","1502",,,,,,
"131.099831000","1502",,,,,,
"131.101032000","1502",,,,,,
"131.102234000","1502",,,,,,
"131.185562000","1502",,,"1",,,
"131.191949000","1502",,,,,,
"131.194140000","1502",,,,,,
"131.361170000","1502",,,,,,
"131.412134000","1502",,,,,,
"131.480330000","1502",,,,,,
"131.481532000","1502",,,,,,
"131.482733000","1502",,,,,,
"131.483935000","1502",,,,,,
"131.575868000","1502",,,,,,
"131.577070000","1502",,,,,,"1"
"131.742871000","1502",,,,,,
"131.793835000","1502",,,,,,
"131.862031000","1502",,,,,,
"131.863233000","1502",,,,,,
"131.864434000","1502",,,,,,
"131.865636000","1502",,,,,,
"131.982636000","1502",,,,,,
"132.124572000","1502",,,,,,
"132.157562000","1502",,,,,,"1"
"132.175536000","1502",,,,,,
"132.243732000","1502",,,,,,
"132.244934000","1502",,,,,,
"132.246135000","1502",,,,,,
"132.247337000","1502",,,,,,
"132.364336000","1502",,,,,,
"132.365538000","1502",,,,,,
"132.366740000","1502",,,,,,
"132.506273000","1502",,,,,,
"132.557236000","1502",,,,,,
"132.625433000","1502",,,,,,
"132.626634000","1502",,,,,,
"132.627836000","1502",,,,,,
"132.629038000","1502",,,,,,
"132.746037000","1502",,,,,,
"132.748441000","1502",,,,,,
"132.749642000","1502",,,,,,
"132.887974000","1502",,,,,,
"132.938937000","1502",,,,,,
"133.008335000","1502",,"1",,,,
"133.009537000","1502",,,,,,
"133.010739000","1502",,,,,,
"133.127738000","1502",,,,,,
"133.269675000","1502",,,,,,
"133.320638000","1502",,,,,,
"133.391238000","1502",,,,,,
"133.392440000","1502",,,,,,
"133.393641000","1502",,,,,,
"133.509439000","1502",,"1",,,,
"133.589562000","1502",,,,,,"1"
"133.651376000","1502",,,,,,
"133.713071000","1502",,,,,,
"133.714273000","1502",,,"1",,,
"133.774141000","1502",,,,,,
"133.775342000","1502",,,,,,
"133.776544000","1502",,,,,,
"133.916649000","1502",,,,,,
"134.033077000","1502",,,,,,
"134.098164000","1502",,,,,,
"134.155842000","1502",,"1",,,,
"134.157043000","1502",,,,,,
"134.158245000","1502",,,,,,
"134.159446000","1502",,,,,,
"134.297562000","1502",,,,,,"1"
"134.298763000","1502",,,,,,"1"
"134.414778000","1502",,,,,,
"134.538771000","1502",,,,,,
"134.539973000","1502",,,,,,
"134.541174000","1502",,,,,,
"134.542376000","1502",,,,,,
"134.677562000","1502",,,,,,"1"
"134.679289000","1502",,,,,,
"134.680491000","1502",,,,,,
"134.796479000","1502",,,,,,
"134.922681000","1502",,,,,,
"134.923883000","1502",,,,,,
"134.925084000","1502",,,,,,
"135.059263000","1502",,,,,,
"135.060990000","1502",,,,,,
"135.062192000","1502",,,,,,
"135.063394000","1502",,,,,,
"135.178180000","1502",,,,,,
"135.304382000","1502",,,,,,
"135.305584000","1502",,,,,,
"135.306785000","1502",,,,,,
"135.440964000","1502",,,,,,
"135.442691000","1502",,,,,,
"135.443893000","1502",,,,,,
"135.445095000","1502",,,,,,
"135.559881000","1502",,"1",,,,
"135.686083000","1502",,,,,,
"135.687285000","1502",,,,,,
"135.822664000","1502",,,,,,
"135.824392000","1502",,,,,,
"135.825594000","1502",,,,,,
"135.826796000","1502",,,,,,
"135.889562000","1502",,,"1",,,
"135.941608000","1502",,,,,,
"135.942810000","1502",,,,,,
"136.067784000","1502",,,,,,
"136.204365000","1502",,"1",,,,
"136.206093000","1502",,,,,,
"136.208496000","1502",,,,,,
"136.209698000","1502",,,,,,
"136.311159000","1502",,,,,,
"136.325740000","1502",,,,,,"1"
"136.449485000","1502",,,,,,
"136.587794000","1502",,,,,,
"136.588996000","1502",,,,,,
"136.590197000","1502",,,,,,
"136.591399000","1502",,,,,,
"136.649562000","1502",,,,,,"1"
"136.707440000","1502",,"1",,,,
"136.877193000","1502",,,,,,
"136.970697000","1502",,,,,,
"136.971898000","1502",,,,,,
"136.973100000","1502",,,,,,
"136.974302000","1502",,,,,,
"137.089168000","1502",,,"1",,,
"137.097595000","1502",,,,,,
"137.258894000","1502",,,,,,
"137.352398000","1502",,,,,,
"137.353599000","1502",,,,,,
"137.354801000","1502",,,,,,
"137.356003000","1502",,,,,,
"137.357204000","1502",,,,,,
"137.479296000","1502",,"1",,,,
"137.480497000","1502",,,,,,
"137.734099000","1502",,"1",,,,
"137.735300000","1502",,,,,,
"137.736502000","1502",,,,,,
"137.737704000","1502",,,,,,
"137.738905000","1502",,,,,,
"137.862225000","1502",,,,,,
"138.109562000","1502",,,,,,"1"
"138.117028000","1502",,,,,,
"138.118230000","1502",,,,,,
"138.119431000","1502",,,,,,
"138.120633000","1502",,,,,,
"138.121835000","1502",,,,,,
"138.221562000","1502",,,,,,"1"
"138.499958000","1502",,,,,,
"138.501159000","1502",,,,,,
"138.502361000","1502",,,,,,
"138.503562000","1502",,,,,,
"138.603263000","1502",,,,,,
"138.881659000","1502",,,,,,
"138.882860000","1502",,,,,,
"138.884062000","1502",,,,,,
"138.885263000","1502",,,,,,
"138.984964000","1502",,,,,,
"139.085562000","1502",,,"1",,,
"139.113562000","1502",,,,,,
"139.263360000","1502",,,,,,
"139.265763000","1502",,,,,,
"139.266964000","1502",,,,,,
"139.268166000","1502",,,,,,
"139.647464000","1502",,,,,,
"139.648665000","1502",,,,,,
"139.845562000","1502",,"1",,,,
"140.029165000","1502",,"1",,,,
"140.238709000","1502",,,,,,
"140.417562000","1502",,,"1",,,
"140.429562000","1502",,,,,,"1"
"140.799263000","1502",,,,,,
"141.180964000","1502",,,,,,
"141.182165000","1502",,,,,,
"141.393562000","1502",,,"1",,,
"141.775263000","1502",,,,,,
"141.776464000","1502",,,,,,
"141.777666000","1502",,,,,,
"141.865562000","1502",,"1",,,,
"142.156964000","1502",,,,,,
"142.158165000","1502",,,,,,
"142.159367000","1502",,,,,,
"142.277562000","1502",,,,,,
"142.538664000","1502",,,,,,
"142.539866000","1502",,,,,,
"142.541068000","1502",,,,,,
"142.553562000","1502",,,,,,"1"
"142.659289000","1502",,,"1",,,
"142.857562000","1502",,,"1",,,
"142.920365000","1502",,,,,,
"142.921567000","1502",,,,,,
"142.922769000","1502",,,,,,
"143.040990000","1502",,,,,,
"143.042192000","1502",,,,,,
"143.239289000","1502",,,,,,
"143.302066000","1502",,,,,,
"143.303268000","1502",,,,,,
"143.304470000","1502",,,,,,
"143.425095000","1502",,"1",,,,
"143.620990000","1502",,,,,,
"143.622192000","1502",,,,,,
"143.623394000","1502",,,,,,
"143.683767000","1502",,,,,,
"143.684969000","1502",,,,,,
"143.808115000","1502",,,,,,
"144.002691000","1502",,,,,,
"144.003893000","1502",,,,,,
"144.005095000","1502",,,,,,
"144.061562000","1502",,,,,,"1"
"144.065468000","1502",,"1",,,,
"144.066670000","1502",,,,,,
"144.189843000","1502",,,"1",,,
"144.269562000","1502",,,"1",,,
"144.384392000","1502",,,,,,
"144.385594000","1502",,,,,,
"144.386796000","1502",,,,,,
"144.448398000","1502",,,,,,
"144.454773000","1502",,,,,,
"144.572745000","1502",,"1",,,,
"144.766093000","1502",,,,,,
"144.767295000","1502",,,,,,
"144.768496000","1502",,,,,,
"144.830126000","1502",,,,,,"1"
"144.859602000","1502",,,,,,
"145.033563000","1502",,,,,,
"145.147794000","1502",,,,,,
"145.148996000","1502",,,,,,
"145.150197000","1502",,,,,,
"145.197562000","1502",,,,,,"1"
"145.211827000","1502",,,,,,
"145.241303000","1502",,,,,,
"145.242504000","1502",,,,,,
"145.421780000","1502",,,,,,
"145.422982000","1502",,,,,,
"145.529495000","1502",,,,,,
"145.530697000","1502",,,,,,
"145.579263000","1502",,,,,,
"145.580464000","1502",,,,,,
"145.593528000","1502",,,,,,
"145.623004000","1502",,,,,,
"145.624205000","1502",,,,,,
"145.803481000","1502",,,,,,
"145.804683000","1502",,,,,,
"145.911196000","1502",,"1",,,,
"145.912398000","1502",,,,,,
"145.960964000","1502",,,,,,
"145.962165000","1502",,,,,,
"145.975228000","1502",,,,,,
"146.004705000","1502",,,,,,
"146.005906000","1502",,,,,,
"146.121562000","1502",,,"1",,,
"146.185182000","1502",,,,,,
"146.186384000","1502",,,,,,
"146.320568000","1502",,"1",,,,
"146.342664000","1502",,,,,,
"146.343866000","1502",,,,,,
"146.356929000","1502",,,,,,
"146.386406000","1502",,,,,,
"146.387607000","1502",,,,,,
"146.566883000","1502",,,,,,
"146.568085000","1502",,,,,,
"146.702314000","1502",,,"1",,,
"146.724365000","1502",,,,,,
"146.725567000","1502",,,,,,
"146.738630000","1502",,,,,,
"146.768107000","1502",,,,,,
"146.769308000","1502",,,,,,
"146.948584000","1502",,,,,,
"147.084042000","1502",,,"1",,,
"147.106066000","1502",,,,,,
"147.108470000","1502",,"1",,,,
"147.120331000","1502",,,,,,
"147.149808000","1502",,,,,,
"147.151009000","1502",,,,,,
"147.330285000","1502",,,,,,
"147.465743000","1502",,,,,,
"147.466944000","1502",,,,,,
"147.487767000","1502",,,,,,
"147.494068000","1502",,,,,,
"147.531509000","1502",,"1",,,,
"147.532710000","1502",,,,,,
"147.709562000","1502",,,,,,"1"
"147.848645000","1502",,"1",,,,
"147.849847000","1502",,,,,,
"147.875796000","1502",,,,,,
"147.914438000","1502",,,,,,
"148.005166000","1502",,,,,,
"148.085562000","1502",,,,,,"1"
"148.091263000","1502",,,,,,
"148.231575000","1502",,,,,,
"148.257497000","1502",,,,,,
"148.258698000","1502",,,,,,
"148.325804000","1502",,,,,,
"148.433562000","1502",,,,,,"1"
"148.467263000","1502",,,,,,
"148.472964000","1502",,"1",,,,
"148.639225000","1502",,,,,,
"148.640426000","1502",,,,,,
"148.707505000","1502",,,,,,
"148.708707000","1502",,,,,,
"148.845562000","1502",,,"1",,,
"148.848964000","1502",,,,,,
"148.893562000","1502",,,,,,
"149.020926000","1502",,"1",,,,
"149.022127000","1502",,,,,,
"149.023329000","1502",,,,,,
"149.090408000","1502",,"1",,,,
"149.230664000","1502",,,,,,
"149.231866000","1502",,,,,,
"149.275289000","1502",,,,,,"1"
"149.401562000","1502",,,"1",,,
"149.403855000","1502",,,,,,
"149.405057000","1502",,,,,,
"149.512993000","1502",,,,,,
"149.613159000","1502",,,,,,
"149.656990000","1502",,,,,,
"149.669562000","1502",,,,,,"1"
"149.786599000","1502",,,"1",,,
"149.965562000","1502",,,,,,
"149.994860000","1502",,"1",,,,
"149.996062000","1502",,,,,,
"150.051263000","1502",,,,,,
"150.168300000","1502",,"1",,,,
"150.241562000","1502",,,"1",,,
"150.347263000","1502",,,,,,
"150.377789000","1502",,,,,,
"150.393566000","1502",,,,,,
"150.432964000","1502",,"1",,,,
"150.550028000","1502",,,"1",,,
"150.629591000","1502",,,,,,
"150.728964000","1502",,,,,,
"150.759517000","1502",,,,,,"1"
"150.923865000","1502",,,,,,
"150.929562000","1502",,,,,,"1"
"150.931729000","1502",,,,,,
"150.932930000","1502",,,,,,
"151.060992000","1502",,,,,,
"151.141218000","1502",,,,,,
"151.142420000","1502",,,,,,
"151.311263000","1502",,,,,,
"151.313430000","1502",,,,,,
"151.314631000","1502",,,,,,
"151.315833000","1502",,,,,,
"151.442693000","1502",,,,,,
"151.443894000","1502",,,,,,
"151.522919000","1502",,,,,,
"151.524121000","1502",,,,,,
"151.692964000","1502",,,,,,
"151.694165000","1502",,,,,,
"151.695367000","1502",,,,,,
"151.696568000","1502",,,,,,
"151.697770000","1502",,,,,,
"151.824394000","1502",,,,,,
"151.825595000","1502",,,,,,
"151.904620000","1502",,,,,,
"151.905822000","1502",,,,,,
"152.074664000","1502",,,,,,
"152.075866000","1502",,,,,,
"152.077068000","1502",,,,,,
"152.078269000","1502",,,,,,
"152.079471000","1502",,,,,,
"152.206095000","1502",,,,,,
"152.207296000","1502",,,,,,
"152.286321000","1502",,,,,,
"152.287523000","1502",,,,,,
"152.456365000","1502",,,,,,
"152.457567000","1502",,,,,,
"152.458769000","1502",,,,,,
"152.459970000","1502",,,,,,
"152.461172000","1502",,,,,,
"152.587796000","1502",,,,,,
"152.588997000","1502",,,,,,
"152.668022000","1502",,,,,,
"152.669224000","1502",,,,,,
"152.838066000","1502",,,,,,
"152.839268000","1502",,,,,,
"152.840470000","1502",,,,,,
"152.841671000","1502",,,,,,
"152.842873000","1502",,,,,,
"152.969497000","1502",,,,,,
"152.970698000","1502",,,,,,
"153.049723000","1502",,,,,,
"153.050925000","1502",,,,,,
"153.220969000","1502",,"1",,,,
"153.222171000","1502",,,,,,
"153.223372000","1502",,,,,,
"153.224574000","1502",,,,,,
"153.351198000","1502",,,,,,
"153.352399000","1502",,,,,,
"153.431424000","1502",,,,,,
"153.432626000","1502",,,,,,
"153.603124000","1502",,,,,,
"153.605527000","1502",,"1",,,,
"153.606729000","1502",,,,,,
"153.732898000","1502",,,,,,
"153.734100000","1502",,,,,,
"153.801562000","1502",,,,,,"1"
"153.814327000","1502",,,,,,
"153.815528000","1502",,,,,,
"153.987255000","1502",,,,,,
"153.988457000","1502",,,,,,
"154.077642000","1502",,,,,,
"154.114599000","1502",,,,,,
"154.115801000","1502",,,,,,
"154.185562000","1502",,,,,,"1"
"154.196028000","1502",,,,,,
"154.197229000","1502",,,,,,
"154.459370000","1502",,,,,,
"154.496300000","1502",,,,,,
"154.567263000","1502",,,,,,
"154.569562000","1502",,,"1",,,
"154.577728000","1502",,,,,,
"154.578930000","1502",,,,,,
"154.580132000","1502",,,,,,
"154.581333000","1502",,"1",,,,
"154.841071000","1502",,,,,,
"154.842273000","1502",,,,,,
"154.878001000","1502",,,,,,
"154.959429000","1502",,,,,,
"154.960631000","1502",,,,,,
"154.961833000","1502",,,,,,
"155.044649000","1502",,,,,,
"155.077562000","1502",,,,,,"1"
"155.222772000","1502",,"1",,,,
"155.223974000","1502",,,,,,
"155.314625000","1502",,,,,,
"155.341130000","1502",,,,,,
"155.449563000","1502",,,,,,
"155.529562000","1502",,,"1",,,
"155.605701000","1502",,,,,,
"155.696326000","1502",,,,,,
"155.697527000","1502",,,,,,
"155.722831000","1502",,"1",,,,
"155.831264000","1502",,,,,,
"155.832466000","1502",,,,,,
"155.914005000","1502",,,,,,
"155.925562000","1502",,,"1",,,
"155.987429000","1502",,,,,,"1"
"156.079228000","1502",,,,,,
"156.117798000","1502",,"1",,,,
"156.212965000","1502",,,,,,
"156.214166000","1502",,,,,,
"156.307307000","1502",,,,,,
"156.369130000","1502",,,,,,
"156.460929000","1502",,,,,,
"156.499544000","1502",,,"1",,,
"156.594666000","1502",,,,,,
"156.595867000","1502",,,,,,
"156.689008000","1502",,,,,,
"156.750831000","1502",,"1",,,,
"156.842630000","1502",,,,,,
"156.881290000","1502",,,"1",,,
"156.976367000","1502",,,,,,
"156.977568000","1502",,,,,,
"157.070709000","1502",,,,,,
"157.224331000","1502",,,,,,
"157.225533000","1502",,,,,,
"157.263018000","1502",,,"1",,,
"157.269562000","1502",,,,,,"1"
"157.358068000","1502",,,,,,
"157.359269000","1502",,,,,,
"157.462166000","1502",,,,,,
"157.607234000","1502",,,,,,
"157.608435000","1502",,,,,,
"157.644718000","1502",,,,,,
"157.645920000","1502",,,,,,
"157.739769000","1502",,,,,,
"157.740970000","1502",,,,,,
"157.843867000","1502",,,,,,
"157.988935000","1502",,,,,,
"157.990136000","1502",,,,,,
"157.991338000","1502",,,,,,
"158.026419000","1502",,,,,,
"158.027621000","1502",,,,,,
"158.028823000","1502",,,,,,
"158.121470000","1502",,,,,,
"158.122671000","1502",,,,,,
"158.225568000","1502",,,,,,
"158.370636000","1502",,,,,,
"158.371837000","1502",,,,,,
"158.373039000","1502",,,,,,
"158.408120000","1502",,,,,,
"158.409322000","1502",,,,,,
"158.410524000","1502",,,,,,
"158.503171000","1502",,,,,,
"158.504372000","1502",,,,,,
"158.607269000","1502",,,,,,
"158.752337000","1502",,,,,,
"158.753538000","1502",,,,,,
"158.754740000","1502",,,,,,
"158.789821000","1502",,,,,,
"158.791023000","1502",,,,,,
"158.792225000","1502",,,,,,
"158.886073000","1502",,,,,,
"158.887275000","1502",,,,,,
"158.988970000","1502",,,,,,
"159.134038000","1502",,,,,,
"159.135239000","1502",,,,,,
"159.136441000","1502",,,,,,
"159.171522000","1502",,,,,,
"159.172724000","1502",,,,,,
"159.173926000","1502",,,,,,
"159.267774000","1502",,,,,,
"159.268976000","1502",,,,,,
"159.370671000","1502",,,,,,
"159.515739000","1502",,,,,,
"159.518142000","1502",,,,,,
"159.553223000","1502",,,,,,
"159.554425000","1502",,,,,,
"159.555626000","1502",,,,,,
"159.649475000","1502",,,,,,
"159.650677000","1502",,,,,,
"159.899843000","1502",,,,,,
"159.934924000","1502",,,,,,
"159.936126000","1502",,,,,,
"159.937327000","1502",,,,,,
